-- phpMyAdmin SQL Dump
-- version 4.8.4
-- https://www.phpmyadmin.net/
--
-- Host: 127.0.0.1
-- Generation Time: Jul 28, 2019 at 04:52 AM
-- Server version: 10.1.37-MariaDB
-- PHP Version: 7.3.0

SET SQL_MODE = "NO_AUTO_VALUE_ON_ZERO";
SET AUTOCOMMIT = 0;
START TRANSACTION;
SET time_zone = "+00:00";


/*!40101 SET @OLD_CHARACTER_SET_CLIENT=@@CHARACTER_SET_CLIENT */;
/*!40101 SET @OLD_CHARACTER_SET_RESULTS=@@CHARACTER_SET_RESULTS */;
/*!40101 SET @OLD_COLLATION_CONNECTION=@@COLLATION_CONNECTION */;
/*!40101 SET NAMES utf8mb4 */;

--
-- Database: `multi_auth`
--

-- --------------------------------------------------------

--
-- Table structure for table `barang`
--

CREATE TABLE `barang` (
  `id` bigint(20) UNSIGNED NOT NULL,
  `kode_barang` varchar(191) COLLATE utf8mb4_unicode_ci NOT NULL,
  `nama_barang` varchar(191) COLLATE utf8mb4_unicode_ci NOT NULL,
  `pkp` varchar(191) COLLATE utf8mb4_unicode_ci NOT NULL,
  `stok_min` varchar(191) COLLATE utf8mb4_unicode_ci NOT NULL,
  `harga_beli` varchar(191) COLLATE utf8mb4_unicode_ci NOT NULL,
  `harga_jual` varchar(191) COLLATE utf8mb4_unicode_ci NOT NULL,
  `jumlah_stok` varchar(191) COLLATE utf8mb4_unicode_ci NOT NULL,
  `keterangan` text COLLATE utf8mb4_unicode_ci,
  `id_jenis` bigint(20) UNSIGNED DEFAULT NULL,
  `id_uom` bigint(20) UNSIGNED DEFAULT NULL,
  `created_at` timestamp NULL DEFAULT NULL,
  `updated_at` timestamp NULL DEFAULT NULL
) ENGINE=InnoDB DEFAULT CHARSET=utf8mb4 COLLATE=utf8mb4_unicode_ci;

--
-- Dumping data for table `barang`
--

INSERT INTO `barang` (`id`, `kode_barang`, `nama_barang`, `pkp`, `stok_min`, `harga_beli`, `harga_jual`, `jumlah_stok`, `keterangan`, `id_jenis`, `id_uom`, `created_at`, `updated_at`) VALUES
(316, '510S', '510S EHA', 'pkp', '20', '15000', '20000', '150', NULL, 41, 241, '2019-07-26 14:11:32', '2019-07-26 14:11:32'),
(317, '511', '511 POLOS', 'pkp', '20', '15000', '20000', '150', NULL, 41, 241, '2019-07-26 14:11:32', '2019-07-26 14:11:32'),
(318, '511P', '511-J HIPROVITE', 'pkp', '20', '15000', '20000', '150', NULL, 41, 241, '2019-07-26 14:11:32', '2019-07-26 14:11:32'),
(319, '512', '512 POLOS', 'pkp', '20', '15000', '20000', '150', NULL, 41, 241, '2019-07-26 14:11:32', '2019-07-26 14:11:32'),
(320, '521', 'T-521', 'pkp', '20', '15000', '20000', '150', NULL, 43, 241, '2019-07-26 14:11:32', '2019-07-26 14:11:32'),
(321, '521#', 'T-521*', 'pkp', '20', '15000', '20000', '150', NULL, 43, 219, '2019-07-26 14:11:32', '2019-07-26 14:11:32'),
(322, '551', '551 HIPRO', 'pkp', '20', '15000', '20000', '150', NULL, 41, 241, '2019-07-26 14:11:32', '2019-07-26 14:11:32'),
(323, '581', '581', 'pkp', '20', '15000', '20000', '150', NULL, 41, 241, '2019-07-26 14:11:32', '2019-07-26 14:11:32'),
(324, '591', '591', 'pkp', '20', '15000', '20000', '150', NULL, 41, 215, '2019-07-26 14:11:32', '2019-07-26 14:11:32'),
(325, '591#', '591*', 'pkp', '20', '15000', '20000', '150', NULL, 41, 219, '2019-07-26 14:11:32', '2019-07-26 14:11:32'),
(326, '594', '594', 'pkp', '20', '15000', '20000', '150', NULL, 41, 215, '2019-07-26 14:11:32', '2019-07-26 14:11:32'),
(327, '594#', '594*', 'pkp', '20', '15000', '20000', '150', NULL, 41, 219, '2019-07-26 14:11:32', '2019-07-26 14:11:32'),
(328, '594ZAK', '594 ZAK', 'pkp', '20', '15000', '20000', '150', NULL, 41, 241, '2019-07-26 14:11:32', '2019-07-26 14:11:32'),
(329, '595', '595', 'pkp', '20', '15000', '20000', '150', NULL, 41, 215, '2019-07-26 14:11:32', '2019-07-26 14:11:32'),
(330, '610EH', '610 EAST HOPE', 'pkp', '20', '15000', '20000', '150', NULL, 41, 241, '2019-07-26 14:11:32', '2019-07-26 14:11:32'),
(331, '611', '611 HIPRO', 'pkp', '20', '15000', '20000', '150', NULL, 41, 241, '2019-07-26 14:11:32', '2019-07-26 14:11:32'),
(332, '611EH', '611 EAST HOPE', 'pkp', '20', '15000', '20000', '150', NULL, 41, 241, '2019-07-26 14:11:32', '2019-07-26 14:11:32'),
(333, '711', '711 EH', 'pkp', '20', '15000', '20000', '150', NULL, 41, 241, '2019-07-26 14:11:32', '2019-07-26 14:11:32'),
(334, '781', '781', 'pkp', '20', '15000', '20000', '150', NULL, 44, 241, '2019-07-26 14:11:32', '2019-07-26 14:11:32'),
(335, '781#', '781*', 'pkp', '20', '15000', '20000', '150', NULL, 44, 219, '2019-07-26 14:11:32', '2019-07-26 14:11:32'),
(336, '781-1', '781-1', 'pkp', '20', '15000', '20000', '150', NULL, 44, 241, '2019-07-26 14:11:32', '2019-07-26 14:11:32'),
(337, '781-1#', '781-1*', 'pkp', '20', '15000', '20000', '150', NULL, 44, 219, '2019-07-26 14:11:32', '2019-07-26 14:11:32'),
(338, '781-2', '781-2', 'pkp', '20', '15000', '20000', '150', NULL, 44, 241, '2019-07-26 14:11:32', '2019-07-26 14:11:32'),
(339, '781-2#', '781-2*', 'pkp', '20', '15000', '20000', '150', NULL, 44, 219, '2019-07-26 14:11:32', '2019-07-26 14:11:32'),
(340, '788', '788', 'pkp', '20', '15000', '20000', '150', NULL, 44, 241, '2019-07-26 14:11:32', '2019-07-26 14:11:32'),
(341, '788-2S', '788-2SP', 'pkp', '20', '15000', '20000', '150', NULL, 44, 241, '2019-07-26 14:11:32', '2019-07-26 14:11:32'),
(342, '789', '789', 'pkp', '20', '15000', '20000', '150', NULL, 44, 241, '2019-07-26 14:11:32', '2019-07-26 14:11:32'),
(343, '888-2', '888-2', 'pkp', '20', '15000', '20000', '150', NULL, 44, 241, '2019-07-26 14:11:32', '2019-07-26 14:11:32'),
(344, '888-3', '888-3', 'pkp', '20', '15000', '20000', '150', NULL, 44, 241, '2019-07-26 14:11:32', '2019-07-26 14:11:32'),
(345, 'A.LUMP', 'ANTI  LUMPUH R.A', 'pkp', '20', '15000', '20000', '150', NULL, 37, 211, '2019-07-26 14:11:32', '2019-07-26 14:11:32'),
(346, 'A.44CK', 'ANTI 44CK', 'pkp', '20', '15000', '20000', '150', NULL, 37, 211, '2019-07-26 14:11:32', '2019-07-26 14:11:32'),
(347, 'A.SNOT', 'ANTI SNOT EKA', 'pkp', '20', '15000', '20000', '150', NULL, 37, 211, '2019-07-26 14:11:32', '2019-07-26 14:11:32'),
(348, 'AD1', 'AD1 COMFEED', 'pkp', '20', '15000', '20000', '150', NULL, 41, 241, '2019-07-26 14:11:32', '2019-07-26 14:11:32'),
(349, 'AD1#', 'AD1*', 'pkp', '20', '15000', '20000', '150', NULL, 41, 219, '2019-07-26 14:11:32', '2019-07-26 14:11:32'),
(350, 'AD1/2', 'AD1/2', 'pkp', '20', '15000', '20000', '150', NULL, 41, 241, '2019-07-26 14:11:32', '2019-07-26 14:11:32'),
(351, 'AD2', 'AD2 COMFEED', 'pkp', '20', '15000', '20000', '150', NULL, 41, 241, '2019-07-26 14:11:32', '2019-07-26 14:11:32'),
(352, 'AD2#', 'AD2*', 'pkp', '20', '15000', '20000', '150', NULL, 41, 219, '2019-07-26 14:11:32', '2019-07-26 14:11:32'),
(353, 'AF2', 'AF2', 'pkp', '20', '15000', '20000', '150', NULL, 44, 241, '2019-07-26 14:11:32', '2019-07-26 14:11:32'),
(354, 'AF3', 'AF3', 'pkp', '20', '15000', '20000', '150', NULL, 44, 241, '2019-07-26 14:11:32', '2019-07-26 14:11:32'),
(355, 'AF4', 'AF4', 'pkp', '20', '15000', '20000', '150', NULL, 44, 241, '2019-07-26 14:11:32', '2019-07-26 14:11:32'),
(356, 'AKODAN', 'AKODAN', 'pkp', '20', '15000', '20000', '150', NULL, 49, 220, '2019-07-26 14:11:32', '2019-07-26 14:11:32'),
(357, 'ALAMI', 'OBAT ALAMI', 'pkp', '20', '15000', '20000', '150', NULL, 38, 214, '2019-07-26 14:11:32', '2019-07-26 14:11:32'),
(358, 'ALLY+', 'ALLY+', 'pkp', '20', '15000', '20000', '150', NULL, 49, 231, '2019-07-26 14:11:32', '2019-07-26 14:11:32'),
(359, 'ALLY+#', 'ALLY+*', 'pkp', '20', '15000', '20000', '150', NULL, 49, 231, '2019-07-26 14:11:32', '2019-07-26 14:11:32'),
(360, 'AMINOL', 'AMINO LIQUID ', 'pkp', '20', '15000', '20000', '150', NULL, 39, 214, '2019-07-26 14:11:32', '2019-07-26 14:11:32'),
(361, 'AMM100', 'AMMOTROL 100', 'pkp', '20', '15000', '20000', '150', NULL, 37, 211, '2019-07-26 14:11:32', '2019-07-26 14:11:32'),
(362, 'AMN100', 'AMINOVIT100', 'pkp', '20', '15000', '20000', '150', NULL, 37, 211, '2019-07-26 14:11:32', '2019-07-26 14:11:32'),
(363, 'AMOXIC', 'AMOXICCILLIN 500', 'pkp', '20', '15000', '20000', '150', NULL, 37, 223, '2019-07-26 14:11:32', '2019-07-26 14:11:32'),
(364, 'AMP100', 'AM44COL 100', 'pkp', '20', '15000', '20000', '150', NULL, 37, 211, '2019-07-26 14:11:32', '2019-07-26 14:11:32'),
(365, 'AMX100', 'AMOXITIN 100', 'pkp', '20', '15000', '20000', '150', NULL, 37, 211, '2019-07-26 14:11:32', '2019-07-26 14:11:32'),
(366, 'APLAUD', 'APLAUD', 'pkp', '20', '15000', '20000', '150', NULL, 49, 211, '2019-07-26 14:11:32', '2019-07-26 14:11:32'),
(367, 'AQENZY', 'AQUA ENZYMS', 'pkp', '20', '15000', '20000', '150', NULL, 39, 211, '2019-07-26 14:11:32', '2019-07-26 14:11:32'),
(368, 'AQSEP', 'AQUA SEPTIC', 'pkp', '20', '15000', '20000', '150', NULL, 39, 214, '2019-07-26 14:11:32', '2019-07-26 14:11:32'),
(369, 'ASBRG', 'ANTI STRES BRG EF', 'pkp', '20', '15000', '20000', '150', NULL, 38, 211, '2019-07-26 14:11:32', '2019-07-26 14:11:32'),
(370, 'ASE3#', 'ASENA 300ML*', 'pkp', '20', '15000', '20000', '150', NULL, 34, 231, '2019-07-26 14:11:32', '2019-07-26 14:11:32'),
(371, 'ASEN#', 'ASENA 500ML*', 'pkp', '20', '15000', '20000', '150', NULL, 34, 231, '2019-07-26 14:11:32', '2019-07-26 14:11:32'),
(372, 'ASENA', 'ASENA 500ML', 'pkp', '20', '15000', '20000', '150', NULL, 34, 215, '2019-07-26 14:11:32', '2019-07-26 14:11:32'),
(373, 'ASENA3', 'ASENA 300ML', 'pkp', '20', '15000', '20000', '150', NULL, 34, 215, '2019-07-26 14:11:32', '2019-07-26 14:11:32'),
(374, 'ASNOTR', 'ANTI SNOT MERAH', 'pkp', '20', '15000', '20000', '150', NULL, 37, 211, '2019-07-26 14:11:32', '2019-07-26 14:11:32'),
(375, 'B.SAWI', 'BIJI SAWI', 'pkp', '20', '15000', '20000', '150', NULL, 43, 219, '2019-07-26 14:11:32', '2019-07-26 14:11:32'),
(376, 'B1-100', 'NDB1-100', 'pkp', '20', '15000', '20000', '150', NULL, 37, 214, '2019-07-26 14:11:32', '2019-07-26 14:11:32'),
(377, 'B1-50', 'NDB1-50', 'pkp', '20', '15000', '20000', '150', NULL, 37, 214, '2019-07-26 14:11:32', '2019-07-26 14:11:32'),
(378, 'B1-500', 'NDB1-500', 'pkp', '20', '15000', '20000', '150', NULL, 37, 214, '2019-07-26 14:11:32', '2019-07-26 14:11:32'),
(379, 'B11000', 'NDB1-1000', 'pkp', '20', '15000', '20000', '150', NULL, 37, 214, '2019-07-26 14:11:32', '2019-07-26 14:11:32'),
(380, 'B12INJ', 'B12 INJ', 'pkp', '20', '15000', '20000', '150', NULL, 37, 214, '2019-07-26 14:11:32', '2019-07-26 14:11:32'),
(381, 'B51', 'B51 HIPRO', 'pkp', '20', '15000', '20000', '150', NULL, 41, 241, '2019-07-26 14:11:32', '2019-07-26 14:11:32'),
(382, 'B51#', 'B-51*', 'pkp', '20', '15000', '20000', '150', NULL, 41, 219, '2019-07-26 14:11:32', '2019-07-26 14:11:32'),
(383, 'BANCAR', 'BANCAR', 'pkp', '20', '15000', '20000', '150', NULL, 40, 211, '2019-07-26 14:11:32', '2019-07-26 14:11:32'),
(384, 'BESVI1', 'BESVIDOR 100GR', 'pkp', '20', '15000', '20000', '150', NULL, 49, 231, '2019-07-26 14:11:32', '2019-07-26 14:11:32'),
(385, 'BIOTNK', 'BIOTONIK 500ML', 'pkp', '20', '15000', '20000', '150', NULL, 49, 214, '2019-07-26 14:11:32', '2019-07-26 14:11:32'),
(386, 'BIOTO1', 'BIOTONIK 1LT', 'pkp', '20', '15000', '20000', '150', NULL, 49, 214, '2019-07-26 14:11:32', '2019-07-26 14:11:32'),
(387, 'BKOMI', 'B.KOMPLEK INJ', 'pkp', '20', '15000', '20000', '150', NULL, 37, 214, '2019-07-26 14:11:32', '2019-07-26 14:11:32'),
(388, 'BLUCOP', 'BLUE COOPER', 'pkp', '20', '15000', '20000', '150', NULL, 39, 214, '2019-07-26 14:11:32', '2019-07-26 14:11:32'),
(389, 'BM', 'BERAS MERAH', 'pkp', '20', '15000', '20000', '150', NULL, 43, 219, '2019-07-26 14:11:32', '2019-07-26 14:11:32'),
(390, 'BOLT#', 'BOLT*', 'pkp', '20', '15000', '20000', '150', NULL, 45, 219, '2019-07-26 14:11:32', '2019-07-26 14:11:32'),
(391, 'BOLT20', 'BOLT 20KG', 'pkp', '20', '15000', '20000', '150', NULL, 45, 241, '2019-07-26 14:11:32', '2019-07-26 14:11:32'),
(392, 'BOLTAN', 'BOLT DOG 20KG', 'pkp', '20', '15000', '20000', '150', NULL, 41, 241, '2019-07-26 14:11:32', '2019-07-26 14:11:32'),
(393, 'BR1#', 'BR1*', 'pkp', '20', '15000', '20000', '150', NULL, 41, 219, '2019-07-26 14:11:32', '2019-07-26 14:11:32'),
(394, 'BR11HI', 'BR11 HIPRO', 'pkp', '20', '15000', '20000', '150', NULL, 41, 241, '2019-07-26 14:11:32', '2019-07-26 14:11:32'),
(395, 'BR12HI', 'BR12 HIPRO', 'pkp', '20', '15000', '20000', '150', NULL, 41, 241, '2019-07-26 14:11:32', '2019-07-26 14:11:32'),
(396, 'BR16', 'BR1 CMF 16', 'pkp', '20', '15000', '20000', '150', NULL, 41, 241, '2019-07-26 14:11:32', '2019-07-26 14:11:32'),
(397, 'BR1C', 'BROILER CARGILL', 'pkp', '20', '15000', '20000', '150', NULL, 41, 241, '2019-07-26 14:11:32', '2019-07-26 14:11:32'),
(398, 'BR2', 'BR2 CMF', 'pkp', '20', '15000', '20000', '150', NULL, 41, 241, '2019-07-26 14:11:32', '2019-07-26 14:11:32'),
(399, 'BRI', 'BR1 COMFEED', 'pkp', '20', '15000', '20000', '150', NULL, 41, 241, '2019-07-26 14:11:32', '2019-07-26 14:11:32'),
(400, 'BRO', 'BRO1', 'pkp', '20', '15000', '20000', '150', NULL, 41, 241, '2019-07-26 14:11:32', '2019-07-26 14:11:32'),
(401, 'BRSC', 'BURAS CARGILL', 'pkp', '20', '15000', '20000', '150', NULL, 41, 241, '2019-07-26 14:11:32', '2019-07-26 14:11:32'),
(402, 'BRSEH', 'BURAS EAST HOPE', 'pkp', '20', '15000', '20000', '150', NULL, 41, 241, '2019-07-26 14:11:32', '2019-07-26 14:11:32'),
(403, 'BTMA1G', 'BOTOL TMA 1GL', 'pkp', '20', '15000', '20000', '150', NULL, 34, 231, '2019-07-26 14:11:32', '2019-07-26 14:11:32'),
(404, 'BTMA2G', 'BOTOL TMA 2GL', 'pkp', '20', '15000', '20000', '150', NULL, 34, 231, '2019-07-26 14:11:32', '2019-07-26 14:11:32'),
(405, 'BTRA3K', 'BOTOL TRA 3KG', 'pkp', '20', '15000', '20000', '150', NULL, 34, 231, '2019-07-26 14:11:32', '2019-07-26 14:11:32'),
(406, 'BTRA5K', 'BOTOL TRA 5KG', 'pkp', '20', '15000', '20000', '150', NULL, 34, 231, '2019-07-26 14:11:32', '2019-07-26 14:11:32'),
(407, 'BUBUL', 'ANTI BUBUL RA', 'pkp', '20', '15000', '20000', '150', NULL, 37, 214, '2019-07-26 14:11:32', '2019-07-26 14:11:32'),
(408, 'BULDOK', 'BULDOK 100ML', 'pkp', '20', '15000', '20000', '150', NULL, 49, 214, '2019-07-26 14:11:32', '2019-07-26 14:11:32'),
(409, 'BUR', 'BUR', 'pkp', '20', '15000', '20000', '150', NULL, 41, 241, '2019-07-26 14:11:32', '2019-07-26 14:11:32'),
(410, 'BURAS', 'BURAS EVIALIS', 'pkp', '20', '15000', '20000', '150', NULL, 41, 241, '2019-07-26 14:11:32', '2019-07-26 14:11:32'),
(411, 'BURAS#', 'BURAS*', 'pkp', '20', '15000', '20000', '150', NULL, 41, 219, '2019-07-26 14:11:32', '2019-07-26 14:11:32'),
(412, 'BUTERF', 'BUTTERFLY', 'pkp', '20', '15000', '20000', '150', NULL, 34, 241, '2019-07-26 14:11:32', '2019-07-26 14:11:32'),
(413, 'BV100', 'BROILER VITA 100', 'pkp', '20', '15000', '20000', '150', NULL, 37, 211, '2019-07-26 14:11:32', '2019-07-26 14:11:32'),
(414, 'CALCHI', 'CALL CHICKS ', 'pkp', '20', '15000', '20000', '150', NULL, 37, 214, '2019-07-26 14:11:32', '2019-07-26 14:11:32'),
(415, 'CB11', 'CB11 ', 'pkp', '20', '15000', '20000', '150', NULL, 41, 241, '2019-07-26 14:11:32', '2019-07-26 14:11:32'),
(416, 'CE10', 'CACING EXITOR 10', 'pkp', '20', '15000', '20000', '150', NULL, 37, 212, '2019-07-26 14:11:32', '2019-07-26 14:11:32'),
(417, 'CE10#', 'CACING EXITOR 10*', 'pkp', '20', '15000', '20000', '150', NULL, 37, 211, '2019-07-26 14:11:32', '2019-07-26 14:11:32'),
(418, 'CIL', 'CIL', 'pkp', '20', '15000', '20000', '150', NULL, 37, 211, '2019-07-26 14:11:32', '2019-07-26 14:11:32'),
(419, 'CLASAS', 'CLASSIC AS', 'pkp', '20', '15000', '20000', '150', NULL, 43, 215, '2019-07-26 14:11:32', '2019-07-26 14:11:32'),
(420, 'CLASC#', 'CLASSIC CAT*', 'pkp', '20', '15000', '20000', '150', NULL, 45, 219, '2019-07-26 14:11:32', '2019-07-26 14:11:32'),
(421, 'CLASCA', 'CLASSIC CAT', 'pkp', '20', '15000', '20000', '150', NULL, 45, 241, '2019-07-26 14:11:32', '2019-07-26 14:11:32'),
(422, 'CLASRL', 'CLASSIC R.LAUT', 'pkp', '20', '15000', '20000', '150', NULL, 43, 215, '2019-07-26 14:11:32', '2019-07-26 14:11:32'),
(423, 'CLQ100', 'COLIQUIN 100', 'pkp', '20', '15000', '20000', '150', NULL, 37, 211, '2019-07-26 14:11:32', '2019-07-26 14:11:32'),
(424, 'CLVT10', 'CALVITA 10', 'pkp', '20', '15000', '20000', '150', NULL, 37, 211, '2019-07-26 14:11:32', '2019-07-26 14:11:32'),
(425, 'CNRPOS', 'CANARY POST', 'pkp', '20', '15000', '20000', '150', NULL, 38, 211, '2019-07-26 14:11:32', '2019-07-26 14:11:32'),
(426, 'COBRA', 'LEM TIKUS COBRA', 'pkp', '20', '15000', '20000', '150', NULL, 48, 231, '2019-07-26 14:11:32', '2019-07-26 14:11:32'),
(427, 'COCCIL', 'COCCILLIN', 'pkp', '20', '15000', '20000', '150', NULL, 37, 223, '2019-07-26 14:11:32', '2019-07-26 14:11:32'),
(428, 'CORYVI', 'CORYVIT', 'pkp', '20', '15000', '20000', '150', NULL, 37, 223, '2019-07-26 14:11:32', '2019-07-26 14:11:32'),
(429, 'CP51', 'CP51', 'pkp', '20', '15000', '20000', '150', NULL, 41, 241, '2019-07-26 14:11:32', '2019-07-26 14:11:32'),
(430, 'CTS22', 'CUTIES 22KG', 'pkp', '20', '15000', '20000', '150', NULL, 45, 241, '2019-07-26 14:11:32', '2019-07-26 14:11:32'),
(431, 'CURACR', 'CURACRON 100ML', 'pkp', '20', '15000', '20000', '150', NULL, 49, 214, '2019-07-26 14:11:32', '2019-07-26 14:11:32'),
(432, 'CUTIE#', 'CUTIES*', 'pkp', '20', '15000', '20000', '150', NULL, 45, 219, '2019-07-26 14:11:32', '2019-07-26 14:11:32'),
(433, 'CUTIES', 'CUTIES 8KG', 'pkp', '20', '15000', '20000', '150', NULL, 45, 241, '2019-07-26 14:11:32', '2019-07-26 14:11:32'),
(434, 'CX100', 'COXY 100', 'pkp', '20', '15000', '20000', '150', NULL, 37, 211, '2019-07-26 14:11:32', '2019-07-26 14:11:32'),
(435, 'CX5', 'COXY 5', 'pkp', '20', '15000', '20000', '150', NULL, 37, 241, '2019-07-26 14:11:32', '2019-07-26 14:11:32'),
(436, 'CYMBUS', 'CYMBUSH 100ML', 'pkp', '20', '15000', '20000', '150', NULL, 49, 214, '2019-07-26 14:11:32', '2019-07-26 14:11:32'),
(437, 'D1', 'D1 VANVIN', 'pkp', '20', '15000', '20000', '150', NULL, 34, 231, '2019-07-26 14:11:32', '2019-07-26 14:11:32'),
(438, 'D3', 'D3 VANVIN', 'pkp', '20', '15000', '20000', '150', NULL, 34, 231, '2019-07-26 14:11:32', '2019-07-26 14:11:32'),
(439, 'D4', 'D4VANVIN', 'pkp', '20', '15000', '20000', '150', NULL, 34, 231, '2019-07-26 14:11:32', '2019-07-26 14:11:32'),
(440, 'D5', 'D5VANVIN', 'pkp', '20', '15000', '20000', '150', NULL, 34, 231, '2019-07-26 14:11:32', '2019-07-26 14:11:32'),
(441, 'D6', 'D6VANVIN', 'pkp', '20', '15000', '20000', '150', NULL, 34, 231, '2019-07-26 14:11:32', '2019-07-26 14:11:32'),
(442, 'DANKE', 'DANGKE', 'pkp', '20', '15000', '20000', '150', NULL, 49, 231, '2019-07-26 14:11:32', '2019-07-26 14:11:32'),
(443, 'DATILA', 'DATILAN', 'pkp', '20', '15000', '20000', '150', NULL, 40, 211, '2019-07-26 14:11:32', '2019-07-26 14:11:32'),
(444, 'DECIS1', 'DECIS 100ML', 'pkp', '20', '15000', '20000', '150', NULL, 49, 214, '2019-07-26 14:11:32', '2019-07-26 14:11:32'),
(445, 'DECIS5', 'DECIS 50ML', 'pkp', '20', '15000', '20000', '150', NULL, 49, 214, '2019-07-26 14:11:32', '2019-07-26 14:11:32'),
(446, 'DEMODI', 'DEMODIS EKA', 'pkp', '20', '15000', '20000', '150', NULL, 40, 214, '2019-07-26 14:11:32', '2019-07-26 14:11:32'),
(447, 'DEST12', 'DESTAN 100ML', 'pkp', '20', '15000', '20000', '150', NULL, 37, 214, '2019-07-26 14:11:32', '2019-07-26 14:11:32'),
(448, 'DIAZIN', 'DIAZINON', 'pkp', '20', '15000', '20000', '150', NULL, 49, 220, '2019-07-26 14:11:32', '2019-07-26 14:11:32'),
(449, 'DICODI', 'DICODINE SPRAY', 'pkp', '20', '15000', '20000', '150', NULL, 40, 231, '2019-07-26 14:11:32', '2019-07-26 14:11:32'),
(450, 'DOC', 'DOC', 'pkp', '20', '15000', '20000', '150', NULL, 35, 241, '2019-07-26 14:11:32', '2019-07-26 14:11:32'),
(451, 'DOC100', 'DOCTRIL 100', 'pkp', '20', '15000', '20000', '150', NULL, 37, 211, '2019-07-26 14:11:32', '2019-07-26 14:11:32'),
(452, 'DOCFE+', 'DOCFEEDER + TUTUP', 'pkp', '20', '15000', '20000', '150', NULL, 34, 231, '2019-07-26 14:11:32', '2019-07-26 14:11:32'),
(453, 'DOCFED', 'DOC FEEDER', 'pkp', '20', '15000', '20000', '150', NULL, 34, 231, '2019-07-26 14:11:32', '2019-07-26 14:11:32'),
(454, 'DOKOH', 'DOKOH', 'pkp', '20', '15000', '20000', '150', NULL, 40, 241, '2019-07-26 14:11:32', '2019-07-26 14:11:32'),
(455, 'DOKOH#', 'DOKOH*', 'pkp', '20', '15000', '20000', '150', NULL, 40, 211, '2019-07-26 14:11:32', '2019-07-26 14:11:32'),
(456, 'DO44NG', 'DOP44NG', 'pkp', '20', '15000', '20000', '150', NULL, 37, 231, '2019-07-26 14:11:32', '2019-07-26 14:11:32'),
(457, 'DOX100', 'DOXYTIN 100', 'pkp', '20', '15000', '20000', '150', NULL, 37, 211, '2019-07-26 14:11:32', '2019-07-26 14:11:32'),
(458, 'DXV10', 'DOXYVET 100', 'pkp', '20', '15000', '20000', '150', NULL, 37, 211, '2019-07-26 14:11:32', '2019-07-26 14:11:32'),
(459, 'DXV5', 'DOXYVET 5', 'pkp', '20', '15000', '20000', '150', NULL, 37, 211, '2019-07-26 14:11:32', '2019-07-26 14:11:32'),
(460, 'EBBRED', 'EBOD BREEDING', 'pkp', '20', '15000', '20000', '150', NULL, 38, 241, '2019-07-26 14:11:32', '2019-07-26 14:11:32'),
(461, 'EBDRE#', 'EBODRE*', 'pkp', '20', '15000', '20000', '150', NULL, 37, 231, '2019-07-26 14:11:32', '2019-07-26 14:11:32'),
(462, 'EBJOS#', 'EBODJOSS*', 'pkp', '20', '15000', '20000', '150', NULL, 37, 231, '2019-07-26 14:11:32', '2019-07-26 14:11:32'),
(463, 'EBKND', 'EBOD KN DS', 'pkp', '20', '15000', '20000', '150', NULL, 43, 215, '2019-07-26 14:11:32', '2019-07-26 14:11:32'),
(464, 'EBKND#', 'EBOD KN DUS*', 'pkp', '20', '15000', '20000', '150', NULL, 43, 211, '2019-07-26 14:11:32', '2019-07-26 14:11:32'),
(465, 'EBKNP#', 'EBOD KN PLASTIK*', 'pkp', '20', '15000', '20000', '150', NULL, 43, 211, '2019-07-26 14:11:32', '2019-07-26 14:11:32'),
(466, 'EBKNPL', 'EBOD KN PLASTIK', 'pkp', '20', '15000', '20000', '150', NULL, 43, 215, '2019-07-26 14:11:32', '2019-07-26 14:11:32'),
(467, 'EBKNPT', 'EBOD KN POT', 'pkp', '20', '15000', '20000', '150', NULL, 43, 215, '2019-07-26 14:11:32', '2019-07-26 14:11:32'),
(468, 'EBLBD', 'EBOD L.BIRD DS', 'pkp', '20', '15000', '20000', '150', NULL, 43, 215, '2019-07-26 14:11:32', '2019-07-26 14:11:32'),
(469, 'EBLBD#', 'EBOD L.BIRD DS*', 'pkp', '20', '15000', '20000', '150', NULL, 43, 211, '2019-07-26 14:11:32', '2019-07-26 14:11:32'),
(470, 'EBLBP#', 'EBOD L.BIRD PLASTIK*', 'pkp', '20', '15000', '20000', '150', NULL, 43, 211, '2019-07-26 14:11:32', '2019-07-26 14:11:32'),
(471, 'EBLBPL', 'EBOD L.BIRD PLASTIK', 'pkp', '20', '15000', '20000', '150', NULL, 43, 215, '2019-07-26 14:11:32', '2019-07-26 14:11:32'),
(472, 'EBLBPT', 'EBOD L.BIRD POT', 'pkp', '20', '15000', '20000', '150', NULL, 43, 215, '2019-07-26 14:11:32', '2019-07-26 14:11:32'),
(473, 'EBODJO', 'EBODJOSS', 'pkp', '20', '15000', '20000', '150', NULL, 38, 241, '2019-07-26 14:11:32', '2019-07-26 14:11:32'),
(474, 'EBODRE', 'EBODRE', 'pkp', '20', '15000', '20000', '150', NULL, 37, 241, '2019-07-26 14:11:32', '2019-07-26 14:11:32'),
(475, 'EBVIT', 'EBODVIT', 'pkp', '20', '15000', '20000', '150', NULL, 38, 215, '2019-07-26 14:11:32', '2019-07-26 14:11:32'),
(476, 'EBVIT#', 'EBODVIT*', 'pkp', '20', '15000', '20000', '150', NULL, 38, 231, '2019-07-26 14:11:32', '2019-07-26 14:11:32'),
(477, 'EGGB', 'EGG TRAY B', 'pkp', '20', '15000', '20000', '150', NULL, 34, 231, '2019-07-26 14:11:32', '2019-07-26 14:11:32'),
(478, 'EGGK', 'EGG TRAY K', 'pkp', '20', '15000', '20000', '150', NULL, 34, 231, '2019-07-26 14:11:32', '2019-07-26 14:11:32'),
(479, 'EKO2', 'EKO2', 'pkp', '20', '15000', '20000', '150', NULL, 44, 241, '2019-07-26 14:11:32', '2019-07-26 14:11:32'),
(480, 'EKO2#', 'EKO2*', 'pkp', '20', '15000', '20000', '150', NULL, 44, 219, '2019-07-26 14:11:32', '2019-07-26 14:11:32'),
(481, 'EKO3', 'EKO3', 'pkp', '20', '15000', '20000', '150', NULL, 44, 241, '2019-07-26 14:11:32', '2019-07-26 14:11:32'),
(482, 'EKO3#', 'EKO3*', 'pkp', '20', '15000', '20000', '150', NULL, 44, 219, '2019-07-26 14:11:32', '2019-07-26 14:11:32'),
(483, 'EKO4', 'EKO4', 'pkp', '20', '15000', '20000', '150', NULL, 44, 241, '2019-07-26 14:11:32', '2019-07-26 14:11:32'),
(484, 'EKO4#', 'EKO4*', 'pkp', '20', '15000', '20000', '150', NULL, 44, 219, '2019-07-26 14:11:32', '2019-07-26 14:11:32'),
(485, 'EM4', 'EM4', 'pkp', '20', '15000', '20000', '150', NULL, 37, 214, '2019-07-26 14:11:32', '2019-07-26 14:11:32'),
(486, 'EMILTI', 'EBOD MILTIH', 'pkp', '20', '15000', '20000', '150', NULL, 43, 215, '2019-07-26 14:11:32', '2019-07-26 14:11:32'),
(487, 'EST100', 'EGG STIMULANT 100', 'pkp', '20', '15000', '20000', '150', NULL, 37, 211, '2019-07-26 14:11:32', '2019-07-26 14:11:32'),
(488, 'EST5', 'EGG STIMULANT 5', 'pkp', '20', '15000', '20000', '150', NULL, 37, 241, '2019-07-26 14:11:32', '2019-07-26 14:11:32'),
(489, 'EST5#', 'EGG STIMULANT 5*', 'pkp', '20', '15000', '20000', '150', NULL, 37, 231, '2019-07-26 14:11:32', '2019-07-26 14:11:32'),
(490, 'F9*HER', 'FANCY 9* HERBAL', 'pkp', '20', '15000', '20000', '150', NULL, 43, 215, '2019-07-26 14:11:32', '2019-07-26 14:11:32'),
(491, 'F9*PRO', 'FANCY 9* PROBIOTIK', 'pkp', '20', '15000', '20000', '150', NULL, 43, 215, '2019-07-26 14:11:32', '2019-07-26 14:11:32'),
(492, 'FASTC1', 'FASTAC 100ML', 'pkp', '20', '15000', '20000', '150', NULL, 49, 220, '2019-07-26 14:11:32', '2019-07-26 14:11:32'),
(493, 'FELI#', 'FELIBITE*', 'pkp', '20', '15000', '20000', '150', NULL, 45, 211, '2019-07-26 14:11:32', '2019-07-26 14:11:32'),
(494, 'FELI20', 'FELIBITE 20KG', 'pkp', '20', '15000', '20000', '150', NULL, 45, 241, '2019-07-26 14:11:32', '2019-07-26 14:11:32'),
(495, 'FELI8', 'FELIBITE 8KG', 'pkp', '20', '15000', '20000', '150', NULL, 45, 241, '2019-07-26 14:11:32', '2019-07-26 14:11:32'),
(496, 'FF888', 'FF888', 'pkp', '20', '15000', '20000', '150', NULL, 44, 241, '2019-07-26 14:11:32', '2019-07-26 14:11:32'),
(497, 'FF999', 'FF999', 'pkp', '20', '15000', '20000', '150', NULL, 44, 241, '2019-07-26 14:11:32', '2019-07-26 14:11:32'),
(498, 'FF999#', 'FF999*', 'pkp', '20', '15000', '20000', '150', NULL, 44, 219, '2019-07-26 14:11:32', '2019-07-26 14:11:32'),
(499, 'FISHCY', 'FISH CYPROX', 'pkp', '20', '15000', '20000', '150', NULL, 39, 211, '2019-07-26 14:11:32', '2019-07-26 14:11:32'),
(500, 'FKN', 'FANCY KN', 'pkp', '20', '15000', '20000', '150', NULL, 43, 215, '2019-07-26 14:11:32', '2019-07-26 14:11:32'),
(501, 'FL1', 'FENGLI-1', 'pkp', '20', '15000', '20000', '150', NULL, 44, 241, '2019-07-26 14:11:33', '2019-07-26 14:11:33'),
(502, 'FLO', 'FENGLI-0', 'pkp', '20', '15000', '20000', '150', NULL, 44, 241, '2019-07-26 14:11:33', '2019-07-26 14:11:33'),
(503, 'FOR10#', 'FORTEVIT 10*', 'pkp', '20', '15000', '20000', '150', NULL, 37, 211, '2019-07-26 14:11:33', '2019-07-26 14:11:33'),
(504, 'FOR100', 'FORMADES 100', 'pkp', '20', '15000', '20000', '150', NULL, 37, 214, '2019-07-26 14:11:33', '2019-07-26 14:11:33'),
(505, 'FOR1LT', 'FORMADES 1LT', 'pkp', '20', '15000', '20000', '150', NULL, 37, 214, '2019-07-26 14:11:33', '2019-07-26 14:11:33'),
(506, 'FORMAL', 'FORMALIN 5LT', 'pkp', '20', '15000', '20000', '150', NULL, 37, 214, '2019-07-26 14:11:33', '2019-07-26 14:11:33'),
(507, 'FOX', 'LEM TIKUS FOX', 'pkp', '20', '15000', '20000', '150', NULL, 48, 231, '2019-07-26 14:11:33', '2019-07-26 14:11:33'),
(508, 'F45T', 'FANCY KUTUT', 'pkp', '20', '15000', '20000', '150', NULL, 43, 215, '2019-07-26 14:11:33', '2019-07-26 14:11:33'),
(509, 'F45T#', 'FANCY KUTUT*', 'pkp', '20', '15000', '20000', '150', NULL, 43, 211, '2019-07-26 14:11:33', '2019-07-26 14:11:33'),
(510, 'FRLB', 'FANCY B RL', 'pkp', '20', '15000', '20000', '150', NULL, 43, 215, '2019-07-26 14:11:33', '2019-07-26 14:11:33'),
(511, 'FRLB#', 'FANCY B RL*', 'pkp', '20', '15000', '20000', '150', NULL, 43, 211, '2019-07-26 14:11:33', '2019-07-26 14:11:33'),
(512, 'FRLK', 'FANCY K RL', 'pkp', '20', '15000', '20000', '150', NULL, 43, 215, '2019-07-26 14:11:33', '2019-07-26 14:11:33'),
(513, 'FRLK#', 'FANCY K RL*', 'pkp', '20', '15000', '20000', '150', NULL, 43, 211, '2019-07-26 14:11:33', '2019-07-26 14:11:33'),
(514, 'FRT10', 'FORTEVIT 10', 'pkp', '20', '15000', '20000', '150', NULL, 37, 241, '2019-07-26 14:11:33', '2019-07-26 14:11:33'),
(515, 'FRT100', 'FORTEVIT 100', 'pkp', '20', '15000', '20000', '150', NULL, 37, 211, '2019-07-26 14:11:33', '2019-07-26 14:11:33'),
(516, 'FUNGAL', 'ANTI FUNGAL RA', 'pkp', '20', '15000', '20000', '150', NULL, 37, 214, '2019-07-26 14:11:33', '2019-07-26 14:11:33'),
(517, 'FURA1*', 'FURADAN1KG*', 'pkp', '20', '15000', '20000', '150', NULL, 49, 211, '2019-07-26 14:11:33', '2019-07-26 14:11:33'),
(518, 'FURAD*', 'FURADAN 2KG*', 'pkp', '20', '15000', '20000', '150', NULL, 49, 211, '2019-07-26 14:11:33', '2019-07-26 14:11:33'),
(519, 'FURAD1', 'FURADAN 1KG', 'pkp', '20', '15000', '20000', '150', NULL, 49, 215, '2019-07-26 14:11:33', '2019-07-26 14:11:33'),
(520, 'FURADA', 'FURADAN 2KG', 'pkp', '20', '15000', '20000', '150', NULL, 49, 215, '2019-07-26 14:11:33', '2019-07-26 14:11:33'),
(521, 'G11S', 'G11S CMF', 'pkp', '20', '15000', '20000', '150', NULL, 41, 241, '2019-07-26 14:11:33', '2019-07-26 14:11:33'),
(522, 'GABAHB', 'GABAH BANGKOK', 'pkp', '20', '15000', '20000', '150', NULL, 41, 219, '2019-07-26 14:11:33', '2019-07-26 14:11:33'),
(523, 'GAND B', 'GANDASIL BUAH', 'pkp', '20', '15000', '20000', '150', NULL, 49, 211, '2019-07-26 14:11:33', '2019-07-26 14:11:33'),
(524, 'GAND D', 'GANDASIL DAUN', 'pkp', '20', '15000', '20000', '150', NULL, 49, 211, '2019-07-26 14:11:33', '2019-07-26 14:11:33'),
(525, 'GANTCK', 'GANTUNGAN CENLUNG K', 'pkp', '20', '15000', '20000', '150', NULL, 34, 231, '2019-07-26 14:11:33', '2019-07-26 14:11:33'),
(526, 'GANTCS', 'GANTUNGAN CENLUNG S', 'pkp', '20', '15000', '20000', '150', NULL, 34, 231, '2019-07-26 14:11:33', '2019-07-26 14:11:33'),
(527, 'GANTK', 'GANTUNGAN KAWAT', 'pkp', '20', '15000', '20000', '150', NULL, 34, 231, '2019-07-26 14:11:33', '2019-07-26 14:11:33'),
(528, 'GANT44', 'GANTUNGAN 44SANG', 'pkp', '20', '15000', '20000', '150', NULL, 34, 241, '2019-07-26 14:11:33', '2019-07-26 14:11:33'),
(529, 'GAYEM#', 'GAYEMI*', 'pkp', '20', '15000', '20000', '150', NULL, 40, 211, '2019-07-26 14:11:33', '2019-07-26 14:11:33'),
(530, 'GAYEMI', 'GAYEMI', 'pkp', '20', '15000', '20000', '150', NULL, 40, 241, '2019-07-26 14:11:33', '2019-07-26 14:11:33'),
(531, 'GCCR', 'G.COIN CR', 'pkp', '20', '15000', '20000', '150', NULL, 43, 215, '2019-07-26 14:11:33', '2019-07-26 14:11:33'),
(532, 'GCCR#', 'G.COIN CR*', 'pkp', '20', '15000', '20000', '150', NULL, 43, 211, '2019-07-26 14:11:33', '2019-07-26 14:11:33'),
(533, 'GCKN', 'G.COIN KN', 'pkp', '20', '15000', '20000', '150', NULL, 43, 215, '2019-07-26 14:11:33', '2019-07-26 14:11:33'),
(534, 'GCKN#', 'G.COIN KN*', 'pkp', '20', '15000', '20000', '150', NULL, 43, 211, '2019-07-26 14:11:33', '2019-07-26 14:11:33'),
(535, 'GCLB', 'G.COIN LOVEBIRD', 'pkp', '20', '15000', '20000', '150', NULL, 43, 215, '2019-07-26 14:11:33', '2019-07-26 14:11:33'),
(536, 'GCLB#', 'G.COIN LOVEBIRD*', 'pkp', '20', '15000', '20000', '150', NULL, 43, 211, '2019-07-26 14:11:33', '2019-07-26 14:11:33'),
(537, 'GC45T', 'G.COIN 45T', 'pkp', '20', '15000', '20000', '150', NULL, 43, 215, '2019-07-26 14:11:33', '2019-07-26 14:11:33'),
(538, 'GC45T#', 'G.COIN 45T*', 'pkp', '20', '15000', '20000', '150', NULL, 43, 211, '2019-07-26 14:11:33', '2019-07-26 14:11:33'),
(539, 'GCPL', 'G.COIN PL', 'pkp', '20', '15000', '20000', '150', NULL, 43, 215, '2019-07-26 14:11:33', '2019-07-26 14:11:33'),
(540, 'GCPL#', 'G.COIN PL*', 'pkp', '20', '15000', '20000', '150', NULL, 43, 211, '2019-07-26 14:11:33', '2019-07-26 14:11:33'),
(541, 'GCRL', 'G.COIN R.LAUT', 'pkp', '20', '15000', '20000', '150', NULL, 43, 215, '2019-07-26 14:11:33', '2019-07-26 14:11:33'),
(542, 'GCRL#', 'G.COIN R.LAUT*', 'pkp', '20', '15000', '20000', '150', NULL, 43, 211, '2019-07-26 14:11:33', '2019-07-26 14:11:33'),
(543, 'GF511', 'GF 511 COMFEED', 'pkp', '20', '15000', '20000', '150', NULL, 41, 241, '2019-07-26 14:11:33', '2019-07-26 14:11:33'),
(544, 'GRIT', 'GRIT', 'pkp', '20', '15000', '20000', '150', NULL, 41, 241, '2019-07-26 14:11:33', '2019-07-26 14:11:33'),
(545, 'GRIT#', 'GRIT*', 'pkp', '20', '15000', '20000', '150', NULL, 41, 219, '2019-07-26 14:11:33', '2019-07-26 14:11:33'),
(546, 'GRO1L', 'GROMOXONE 1LT', 'pkp', '20', '15000', '20000', '150', NULL, 49, 214, '2019-07-26 14:11:33', '2019-07-26 14:11:33'),
(547, 'GROTOP', 'GROTOP', 'pkp', '20', '15000', '20000', '150', NULL, 39, 211, '2019-07-26 14:11:33', '2019-07-26 14:11:33'),
(548, 'GU1000', 'GUMBORO A-1000', 'pkp', '20', '15000', '20000', '150', NULL, 37, 214, '2019-07-26 14:11:33', '2019-07-26 14:11:33'),
(549, 'GUM100', 'GUMBORO A-100', 'pkp', '20', '15000', '20000', '150', NULL, 37, 214, '2019-07-26 14:11:33', '2019-07-26 14:11:33'),
(550, 'GUM500', 'GUMBORO A-500', 'pkp', '20', '15000', '20000', '150', NULL, 37, 214, '2019-07-26 14:11:33', '2019-07-26 14:11:33'),
(551, 'HEADJ#', 'HEAD JET*', 'pkp', '20', '15000', '20000', '150', NULL, 34, 231, '2019-07-26 14:11:33', '2019-07-26 14:11:33'),
(552, 'HEADJE', 'HEAD JET', 'pkp', '20', '15000', '20000', '150', NULL, 34, 215, '2019-07-26 14:11:33', '2019-07-26 14:11:33'),
(553, 'HORMO#', 'HORMONIK*', 'pkp', '20', '15000', '20000', '150', NULL, 37, 214, '2019-07-26 14:11:33', '2019-07-26 14:11:33'),
(554, 'HORMON', 'HORMONIK(30)', 'pkp', '20', '15000', '20000', '150', NULL, 37, 215, '2019-07-26 14:11:33', '2019-07-26 14:11:33'),
(555, 'IB-500', 'NDIB 500', 'pkp', '20', '15000', '20000', '150', NULL, 37, 214, '2019-07-26 14:11:33', '2019-07-26 14:11:33'),
(556, 'IB1000', 'NDIB-1000', 'pkp', '20', '15000', '20000', '150', NULL, 37, 214, '2019-07-26 14:11:33', '2019-07-26 14:11:33'),
(557, 'IGM', 'IGM', 'pkp', '20', '15000', '20000', '150', NULL, 34, 231, '2019-07-26 14:11:33', '2019-07-26 14:11:33'),
(558, 'IGMSTR', 'IGM STATER KIT', 'pkp', '20', '15000', '20000', '150', NULL, 34, 237, '2019-07-26 14:11:33', '2019-07-26 14:11:33'),
(559, 'IMUNOV', 'IMUNOVIT', 'pkp', '20', '15000', '20000', '150', NULL, 39, 211, '2019-07-26 14:11:33', '2019-07-26 14:11:33'),
(560, 'INDODA', 'INDODAN 100ML', 'pkp', '20', '15000', '20000', '150', NULL, 49, 220, '2019-07-26 14:11:33', '2019-07-26 14:11:33'),
(561, 'INRO12', 'INROFLOX-12', 'pkp', '20', '15000', '20000', '150', NULL, 39, 209, '2019-07-26 14:11:33', '2019-07-26 14:11:33'),
(562, 'INRO25', 'INROFLOX-25', 'pkp', '20', '15000', '20000', '150', NULL, 39, 209, '2019-07-26 14:11:33', '2019-07-26 14:11:33'),
(563, 'JANOKO', 'JANOKO AYAM ADU', 'pkp', '20', '15000', '20000', '150', NULL, 37, 223, '2019-07-26 14:11:33', '2019-07-26 14:11:33'),
(564, 'JATIJJ', 'JATI JAJAR', 'pkp', '20', '15000', '20000', '150', NULL, 38, 215, '2019-07-26 14:11:33', '2019-07-26 14:11:33'),
(565, 'JETSP#', 'JET SPRAY*', 'pkp', '20', '15000', '20000', '150', NULL, 34, 231, '2019-07-26 14:11:33', '2019-07-26 14:11:33'),
(566, 'JETSPR', 'JET SPRAY 1000ML', 'pkp', '20', '15000', '20000', '150', NULL, 34, 215, '2019-07-26 14:11:33', '2019-07-26 14:11:33'),
(567, 'JG.TEP', 'JG TEPUNG', 'pkp', '20', '15000', '20000', '150', NULL, 41, 241, '2019-07-26 14:11:33', '2019-07-26 14:11:33'),
(568, 'JGSPR', 'JG SUPER NO1', 'pkp', '20', '15000', '20000', '150', NULL, 43, 241, '2019-07-26 14:11:33', '2019-07-26 14:11:33'),
(569, 'JGSPR*', 'JG SUPER*', 'pkp', '20', '15000', '20000', '150', NULL, 43, 219, '2019-07-26 14:11:33', '2019-07-26 14:11:33'),
(570, 'JGSPR2', 'JG SUPER NO2', 'pkp', '20', '15000', '20000', '150', NULL, 43, 241, '2019-07-26 14:11:33', '2019-07-26 14:11:33'),
(571, 'JGTEP#', 'JG TEPUNG*', 'pkp', '20', '15000', '20000', '150', NULL, 41, 219, '2019-07-26 14:11:33', '2019-07-26 14:11:33'),
(572, 'JOLANG', 'JOLANG SORTIR', 'pkp', '20', '15000', '20000', '150', NULL, 34, 231, '2019-07-26 14:11:33', '2019-07-26 14:11:33'),
(573, 'K.PNCR', 'KA46UL PENCERNA EKA', 'pkp', '20', '15000', '20000', '150', NULL, 37, 211, '2019-07-26 14:11:33', '2019-07-26 14:11:33'),
(574, 'K2', 'K2 VANVIN', 'pkp', '20', '15000', '20000', '150', NULL, 34, 231, '2019-07-26 14:11:33', '2019-07-26 14:11:33'),
(575, 'KAML-K', 'KAMLANG KERING AYAM(20)', 'pkp', '20', '15000', '20000', '150', NULL, 37, 241, '2019-07-26 14:11:33', '2019-07-26 14:11:33'),
(576, 'KAML-M', 'KAMLANG KERING MER41TI(20)', 'pkp', '20', '15000', '20000', '150', NULL, 38, 241, '2019-07-26 14:11:33', '2019-07-26 14:11:33'),
(577, 'KAPORI', 'KAPORIT', 'pkp', '20', '15000', '20000', '150', NULL, 37, 209, '2019-07-26 14:11:33', '2019-07-26 14:11:33'),
(578, 'KAWAS', 'KAWAT ASENA', 'pkp', '20', '15000', '20000', '150', NULL, 34, 231, '2019-07-26 14:11:33', '2019-07-26 14:11:33'),
(579, 'KAWAT', 'KWT VANVIN', 'pkp', '20', '15000', '20000', '150', NULL, 34, 231, '2019-07-26 14:11:33', '2019-07-26 14:11:33'),
(580, 'KDRP', 'KERODONG POKSAY', 'pkp', '20', '15000', '20000', '150', NULL, 34, 231, '2019-07-26 14:11:33', '2019-07-26 14:11:33'),
(581, 'KEMBUN', 'KEMBUNG SA44 EKA', 'pkp', '20', '15000', '20000', '150', NULL, 40, 211, '2019-07-26 14:11:33', '2019-07-26 14:11:33'),
(582, 'KENAR#', 'KENARI SEED*', 'pkp', '20', '15000', '20000', '150', NULL, 43, 219, '2019-07-26 14:11:33', '2019-07-26 14:11:33'),
(583, 'KENARI', 'KENARI SEED', 'pkp', '20', '15000', '20000', '150', NULL, 43, 241, '2019-07-26 14:11:33', '2019-07-26 14:11:33'),
(584, 'KM44SB', 'KEM44S BESAR', 'pkp', '20', '15000', '20000', '150', NULL, 34, 231, '2019-07-26 14:11:33', '2019-07-26 14:11:33'),
(585, 'KM44SK', 'KEM44S KECIL', 'pkp', '20', '15000', '20000', '150', NULL, 34, 231, '2019-07-26 14:11:33', '2019-07-26 14:11:33'),
(586, 'KNC', 'KENARI CAMPUR', 'pkp', '20', '15000', '20000', '150', NULL, 43, 219, '2019-07-26 14:11:33', '2019-07-26 14:11:33'),
(587, 'KNTR45', 'KONTRAPEN KA46UL', 'pkp', '20', '15000', '20000', '150', NULL, 37, 214, '2019-07-26 14:11:33', '2019-07-26 14:11:33'),
(588, 'KNTR46', 'KONTRAPEN SALEP', 'pkp', '20', '15000', '20000', '150', NULL, 37, 211, '2019-07-26 14:11:33', '2019-07-26 14:11:33'),
(589, 'KOL100', 'KOLERIDIN 100', 'pkp', '20', '15000', '20000', '150', NULL, 37, 211, '2019-07-26 14:11:33', '2019-07-26 14:11:33'),
(590, 'KOLAKN', 'KOLAK KENARI BIASA', 'pkp', '20', '15000', '20000', '150', NULL, 34, 241, '2019-07-26 14:11:33', '2019-07-26 14:11:33'),
(591, 'KOLKAP', 'KOLERIDIN KAP 10', 'pkp', '20', '15000', '20000', '150', NULL, 37, 241, '2019-07-26 14:11:33', '2019-07-26 14:11:33'),
(592, 'KONS04', 'KONST GM (04)', 'pkp', '20', '15000', '20000', '150', NULL, 41, 241, '2019-07-26 14:11:33', '2019-07-26 14:11:33'),
(593, 'KONSAP', 'KONST SA44', 'pkp', '20', '15000', '20000', '150', NULL, 46, 241, '2019-07-26 14:11:33', '2019-07-26 14:11:33'),
(594, 'KONST', 'KONST A4  EVIALIS', 'pkp', '20', '15000', '20000', '150', NULL, 41, 241, '2019-07-26 14:11:33', '2019-07-26 14:11:33'),
(595, 'KONST#', 'KONST AYAM*', 'pkp', '20', '15000', '20000', '150', NULL, 41, 219, '2019-07-26 14:11:33', '2019-07-26 14:11:33'),
(596, 'KOREP', 'KOREP EKA', 'pkp', '20', '15000', '20000', '150', NULL, 37, 211, '2019-07-26 14:11:33', '2019-07-26 14:11:33'),
(597, 'KRBB', 'KERAMBA AYAM B', 'pkp', '20', '15000', '20000', '150', NULL, 34, 231, '2019-07-26 14:11:33', '2019-07-26 14:11:33'),
(598, 'KRBK', 'KERAMBA AYAM K', 'pkp', '20', '15000', '20000', '150', NULL, 34, 231, '2019-07-26 14:11:33', '2019-07-26 14:11:33'),
(599, 'KRD35', 'KERODONG 35X50', 'pkp', '20', '15000', '20000', '150', NULL, 34, 231, '2019-07-26 14:11:33', '2019-07-26 14:11:33'),
(600, 'KRD40', 'KERODONG 40X60', 'pkp', '20', '15000', '20000', '150', NULL, 34, 231, '2019-07-26 14:11:33', '2019-07-26 14:11:33'),
(601, 'KRDA', 'KERODONG ANIS', 'pkp', '20', '15000', '20000', '150', NULL, 34, 231, '2019-07-26 14:11:33', '2019-07-26 14:11:33'),
(602, 'KRDM', 'KERODONG MURAY', 'pkp', '20', '15000', '20000', '150', NULL, 34, 231, '2019-07-26 14:11:33', '2019-07-26 14:11:33'),
(603, 'KUNYIT', 'KUNYIT', 'pkp', '20', '15000', '20000', '150', NULL, 43, 219, '2019-07-26 14:11:33', '2019-07-26 14:11:33'),
(604, 'KUT60#', 'KUTUTOK 60*', 'pkp', '20', '15000', '20000', '150', NULL, 37, 214, '2019-07-26 14:11:33', '2019-07-26 14:11:33'),
(605, 'KUTU60', 'KUTUTOX 60', 'pkp', '20', '15000', '20000', '150', NULL, 37, 241, '2019-07-26 14:11:33', '2019-07-26 14:11:33'),
(606, 'KUTUOR', 'KUTUTOK ORAL', 'pkp', '20', '15000', '20000', '150', NULL, 37, 214, '2019-07-26 14:11:33', '2019-07-26 14:11:33'),
(607, 'KWACI', 'KWACI', 'pkp', '20', '15000', '20000', '150', NULL, 43, 219, '2019-07-26 14:11:33', '2019-07-26 14:11:33'),
(608, 'L293C', '36 293C (50)', 'pkp', '20', '15000', '20000', '150', NULL, 36, 219, '2019-07-26 14:11:33', '2019-07-26 14:11:33'),
(609, 'L581', '36 581', 'pkp', '20', '15000', '20000', '150', NULL, 36, 219, '2019-07-26 14:11:33', '2019-07-26 14:11:33'),
(610, 'L610EH', '36 610 EH (50)', 'pkp', '20', '15000', '20000', '150', NULL, 36, 219, '2019-07-26 14:11:33', '2019-07-26 14:11:33'),
(611, 'L611EH', '36 611 EH (50)', 'pkp', '20', '15000', '20000', '150', NULL, 36, 219, '2019-07-26 14:11:33', '2019-07-26 14:11:33'),
(612, 'L711EH', '36 711 EH (50)', 'pkp', '20', '15000', '20000', '150', NULL, 36, 219, '2019-07-26 14:11:33', '2019-07-26 14:11:33'),
(613, 'L781', '36 781(30)', 'pkp', '20', '15000', '20000', '150', NULL, 36, 219, '2019-07-26 14:11:33', '2019-07-26 14:11:33'),
(614, 'L781-1', '36 781-1(20)', 'pkp', '20', '15000', '20000', '150', NULL, 36, 219, '2019-07-26 14:11:33', '2019-07-26 14:11:33'),
(615, 'L781-2', '36 781-2(30)', 'pkp', '20', '15000', '20000', '150', NULL, 36, 219, '2019-07-26 14:11:33', '2019-07-26 14:11:33'),
(616, 'L811', '36 811 EH', 'pkp', '20', '15000', '20000', '150', NULL, 36, 219, '2019-07-26 14:11:33', '2019-07-26 14:11:33'),
(617, 'L888-2', '36 888-2', 'pkp', '20', '15000', '20000', '150', NULL, 41, 219, '2019-07-26 14:11:33', '2019-07-26 14:11:33'),
(618, 'L888-3', '36 888-3', 'pkp', '20', '15000', '20000', '150', NULL, 44, 219, '2019-07-26 14:11:33', '2019-07-26 14:11:33'),
(619, 'LAD1', '36 AD1', 'pkp', '20', '15000', '20000', '150', NULL, 41, 219, '2019-07-26 14:11:33', '2019-07-26 14:11:33'),
(620, 'LAD2', '36 AD2', 'pkp', '20', '15000', '20000', '150', NULL, 41, 219, '2019-07-26 14:11:33', '2019-07-26 14:11:33'),
(621, 'LAF2', '36 AF2 (30)', 'pkp', '20', '15000', '20000', '150', NULL, 36, 219, '2019-07-26 14:11:33', '2019-07-26 14:11:33'),
(622, 'LAF3', '36 AF3', 'pkp', '20', '15000', '20000', '150', NULL, 44, 219, '2019-07-26 14:11:33', '2019-07-26 14:11:33'),
(623, 'LAF4', '36 AF4', 'pkp', '20', '15000', '20000', '150', NULL, 44, 219, '2019-07-26 14:11:33', '2019-07-26 14:11:33'),
(624, 'LAIN', 'LAIN-LAIN', 'pkp', '20', '15000', '20000', '150', NULL, 34, 231, '2019-07-26 14:11:33', '2019-07-26 14:11:33'),
(625, 'LANATE', 'LANNATTE', 'pkp', '20', '15000', '20000', '150', NULL, 49, 211, '2019-07-26 14:11:33', '2019-07-26 14:11:33'),
(626, 'LARAS*', 'LARASATI*', 'pkp', '20', '15000', '20000', '150', NULL, 38, 231, '2019-07-26 14:11:33', '2019-07-26 14:11:33'),
(627, 'LARAY', 'LARASATI AYAM SABUNG', 'pkp', '20', '15000', '20000', '150', NULL, 37, 241, '2019-07-26 14:11:33', '2019-07-26 14:11:33'),
(628, 'LARMER', 'LARASATI MER41TI', 'pkp', '20', '15000', '20000', '150', NULL, 38, 241, '2019-07-26 14:11:33', '2019-07-26 14:11:33'),
(629, 'LAR45B', 'LARASATI 45T BIASA(50)', 'pkp', '20', '15000', '20000', '150', NULL, 38, 241, '2019-07-26 14:11:33', '2019-07-26 14:11:33'),
(630, 'LAR45T', 'LARASATI PERKUTUT', 'pkp', '20', '15000', '20000', '150', NULL, 38, 241, '2019-07-26 14:11:33', '2019-07-26 14:11:33'),
(631, 'LB4', '36 B4 EVIALIS (50)', 'pkp', '20', '15000', '20000', '150', NULL, 41, 219, '2019-07-26 14:11:33', '2019-07-26 14:11:33'),
(632, 'LBR11', '36 BR11 GLOBAL', 'pkp', '20', '15000', '20000', '150', NULL, 41, 219, '2019-07-26 14:11:33', '2019-07-26 14:11:33'),
(633, 'LBR1FI', '36 BR1 FINE', 'pkp', '20', '15000', '20000', '150', NULL, 41, 219, '2019-07-26 14:11:33', '2019-07-26 14:11:33'),
(634, 'LBRSEH', '36 BURAS EH (50)', 'pkp', '20', '15000', '20000', '150', NULL, 36, 219, '2019-07-26 14:11:33', '2019-07-26 14:11:33'),
(635, 'LCB11', '36 CB11 (50)', 'pkp', '20', '15000', '20000', '150', NULL, 36, 219, '2019-07-26 14:11:33', '2019-07-26 14:11:33'),
(636, 'LCP51M', '36 CP51M (50)', 'pkp', '20', '15000', '20000', '150', NULL, 36, 219, '2019-07-26 14:11:33', '2019-07-26 14:11:33'),
(637, 'LCP51N', '36 CP51 NEO', 'pkp', '20', '15000', '20000', '150', NULL, 36, 219, '2019-07-26 14:11:33', '2019-07-26 14:11:33'),
(638, 'LCRW88', '36 CROWN 88', 'pkp', '20', '15000', '20000', '150', NULL, 41, 241, '2019-07-26 14:11:33', '2019-07-26 14:11:33'),
(639, 'LEKO2', '36 EKO2 (30)', 'pkp', '20', '15000', '20000', '150', NULL, 36, 219, '2019-07-26 14:11:33', '2019-07-26 14:11:33'),
(640, 'LEKO3', '36 EKO3(30)', 'pkp', '20', '15000', '20000', '150', NULL, 36, 219, '2019-07-26 14:11:33', '2019-07-26 14:11:33'),
(641, 'LEKO4', '36 EKO4(30)', 'pkp', '20', '15000', '20000', '150', NULL, 36, 219, '2019-07-26 14:11:33', '2019-07-26 14:11:33'),
(642, 'LEMLAL', 'LEM L34 LEMBAR', 'pkp', '20', '15000', '20000', '150', NULL, 48, 231, '2019-07-26 14:11:33', '2019-07-26 14:11:33'),
(643, 'LEMON', 'LEMON SA44', 'pkp', '20', '15000', '20000', '150', NULL, 40, 211, '2019-07-26 14:11:33', '2019-07-26 14:11:33'),
(644, 'LEOH', 'LEO41R H', 'pkp', '20', '15000', '20000', '150', NULL, 43, 215, '2019-07-26 14:11:33', '2019-07-26 14:11:33'),
(645, 'LEOH#', 'LEO41R H*', 'pkp', '20', '15000', '20000', '150', NULL, 43, 211, '2019-07-26 14:11:33', '2019-07-26 14:11:33'),
(646, 'LEOK', 'LEO41R K', 'pkp', '20', '15000', '20000', '150', NULL, 43, 215, '2019-07-26 14:11:33', '2019-07-26 14:11:33'),
(647, 'LEOK#', 'LEO41R K*', 'pkp', '20', '15000', '20000', '150', NULL, 43, 211, '2019-07-26 14:11:33', '2019-07-26 14:11:33'),
(648, 'LF888', '36 FF888(10)', 'pkp', '20', '15000', '20000', '150', NULL, 36, 219, '2019-07-26 14:11:33', '2019-07-26 14:11:33'),
(649, 'LF999', '36 FF999(10)', 'pkp', '20', '15000', '20000', '150', NULL, 36, 219, '2019-07-26 14:11:33', '2019-07-26 14:11:33'),
(650, 'LNS571', '36 NS571(50)', 'pkp', '20', '15000', '20000', '150', NULL, 36, 219, '2019-07-26 14:11:33', '2019-07-26 14:11:33'),
(651, 'LP46', '36 P46 (50)', 'pkp', '20', '15000', '20000', '150', NULL, 41, 219, '2019-07-26 14:11:33', '2019-07-26 14:11:33'),
(652, 'L46C', '36 46C (10)', 'pkp', '20', '15000', '20000', '150', NULL, 36, 219, '2019-07-26 14:11:33', '2019-07-26 14:11:33'),
(653, 'L46P', '36 46P(5)', 'pkp', '20', '15000', '20000', '150', NULL, 36, 219, '2019-07-26 14:11:33', '2019-07-26 14:11:33'),
(654, 'LPY3', '36 PY3', 'pkp', '20', '15000', '20000', '150', NULL, 41, 219, '2019-07-26 14:11:33', '2019-07-26 14:11:33'),
(655, 'LS1000', 'NDLS-1000', 'pkp', '20', '15000', '20000', '150', NULL, 37, 214, '2019-07-26 14:11:33', '2019-07-26 14:11:33'),
(656, 'LS500', 'NDLS-500', 'pkp', '20', '15000', '20000', '150', NULL, 37, 214, '2019-07-26 14:11:33', '2019-07-26 14:11:33'),
(657, 'LS99-2', '36  S99-2SP', 'pkp', '20', '15000', '20000', '150', NULL, 44, 219, '2019-07-26 14:11:33', '2019-07-26 14:11:33'),
(658, 'LS99-3', '36 S99-3 EXT', 'pkp', '20', '15000', '20000', '150', NULL, 44, 219, '2019-07-26 14:11:33', '2019-07-26 14:11:33'),
(659, 'LSA44R', '36 SAPHIR GLOBAL', 'pkp', '20', '15000', '20000', '150', NULL, 36, 219, '2019-07-26 14:11:33', '2019-07-26 14:11:33'),
(660, 'LT78-2', '36 T78-2A(30)', 'pkp', '20', '15000', '20000', '150', NULL, 44, 219, '2019-07-26 14:11:33', '2019-07-26 14:11:33'),
(661, 'LTL888', '36 TL888', 'pkp', '20', '15000', '20000', '150', NULL, 44, 219, '2019-07-26 14:11:33', '2019-07-26 14:11:33'),
(662, 'LUFEED', '36 UFEED (50)', 'pkp', '20', '15000', '20000', '150', NULL, 36, 219, '2019-07-26 14:11:33', '2019-07-26 14:11:33'),
(663, 'M.BLUE', 'METHILENE BLUE EKA', 'pkp', '20', '15000', '20000', '150', NULL, 37, 214, '2019-07-26 14:11:33', '2019-07-26 14:11:33'),
(664, 'M.IKAN', 'MINYAK IKAN', 'pkp', '20', '15000', '20000', '150', NULL, 37, 241, '2019-07-26 14:11:33', '2019-07-26 14:11:33'),
(665, 'MANSTA', 'MANSTAP 1KG', 'pkp', '20', '15000', '20000', '150', NULL, 39, 211, '2019-07-26 14:11:33', '2019-07-26 14:11:33'),
(666, 'MAR100', 'MARSHAL 100ML', 'pkp', '20', '15000', '20000', '150', NULL, 49, 214, '2019-07-26 14:11:33', '2019-07-26 14:11:33'),
(667, 'MASH', 'LAYER B4 EVIALIS', 'pkp', '20', '15000', '20000', '150', NULL, 41, 241, '2019-07-26 14:11:33', '2019-07-26 14:11:33'),
(668, 'MASH#', 'LAYER JADI GM*', 'pkp', '20', '15000', '20000', '150', NULL, 41, 219, '2019-07-26 14:11:33', '2019-07-26 14:11:33'),
(669, 'MASHP', 'MASH R2 EVIALIS', 'pkp', '20', '15000', '20000', '150', NULL, 41, 241, '2019-07-26 14:11:33', '2019-07-26 14:11:33'),
(670, 'MB100', 'MEDI BIRD 100', 'pkp', '20', '15000', '20000', '150', NULL, 37, 241, '2019-07-26 14:11:33', '2019-07-26 14:11:33'),
(671, 'MB100#', 'MEDIBIRD 100ML*', 'pkp', '20', '15000', '20000', '150', NULL, 37, 231, '2019-07-26 14:11:33', '2019-07-26 14:11:33'),
(672, 'MBAHA2', 'MBAHJOYO A2 POWER', 'pkp', '20', '15000', '20000', '150', NULL, 37, 223, '2019-07-26 14:11:33', '2019-07-26 14:11:33'),
(673, 'MBAHJM', 'MBAHJOYO MER41TI', 'pkp', '20', '15000', '20000', '150', NULL, 38, 241, '2019-07-26 14:11:33', '2019-07-26 14:11:33'),
(674, 'MBAHJO', 'MBAH JOYO AYAM ADU', 'pkp', '20', '15000', '20000', '150', NULL, 37, 223, '2019-07-26 14:11:33', '2019-07-26 14:11:33'),
(675, 'MBOBOT', 'MBOBOT', 'pkp', '20', '15000', '20000', '150', NULL, 40, 211, '2019-07-26 14:11:33', '2019-07-26 14:11:33'),
(676, 'MDS100', 'MEDISEP 100ML', 'pkp', '20', '15000', '20000', '150', NULL, 37, 214, '2019-07-26 14:11:33', '2019-07-26 14:11:33'),
(677, 'MENCRT', 'MENCRET', 'pkp', '20', '15000', '20000', '150', NULL, 40, 211, '2019-07-26 14:11:33', '2019-07-26 14:11:33'),
(678, 'METABO', 'METABOLISME', 'pkp', '20', '15000', '20000', '150', NULL, 38, 241, '2019-07-26 14:11:33', '2019-07-26 14:11:33'),
(679, 'MILCBK', 'MILET CMP BKS', 'pkp', '20', '15000', '20000', '150', NULL, 43, 211, '2019-07-26 14:11:33', '2019-07-26 14:11:33'),
(680, 'MILETM', 'MILET MERAH', 'pkp', '20', '15000', '20000', '150', NULL, 43, 219, '2019-07-26 14:11:33', '2019-07-26 14:11:33'),
(681, 'MILETP', 'MILET PUTIH', 'pkp', '20', '15000', '20000', '150', NULL, 43, 241, '2019-07-26 14:11:33', '2019-07-26 14:11:33'),
(682, 'MILTC', 'MILET CAMPUR', 'pkp', '20', '15000', '20000', '150', NULL, 43, 219, '2019-07-26 14:11:33', '2019-07-26 14:11:33'),
(683, 'MILTP#', 'MILET P *', 'pkp', '20', '15000', '20000', '150', NULL, 43, 219, '2019-07-26 14:11:33', '2019-07-26 14:11:33'),
(684, 'MINA20', 'MINERAL AYAM MD @20KG', 'pkp', '20', '15000', '20000', '150', NULL, 37, 241, '2019-07-26 14:11:33', '2019-07-26 14:11:33'),
(685, 'MINAE#', 'MINERAL AYAM EKA*', 'pkp', '20', '15000', '20000', '150', NULL, 37, 211, '2019-07-26 14:11:33', '2019-07-26 14:11:33'),
(686, 'MINAMD', 'MINERAL AYAM MD', 'pkp', '20', '15000', '20000', '150', NULL, 37, 241, '2019-07-26 14:11:33', '2019-07-26 14:11:33'),
(687, 'MINAY', 'MINERAL AYAM EKA', 'pkp', '20', '15000', '20000', '150', NULL, 37, 215, '2019-07-26 14:11:33', '2019-07-26 14:11:33'),
(688, 'MINAY#', 'MINERAL AYAM MD*', 'pkp', '20', '15000', '20000', '150', NULL, 37, 211, '2019-07-26 14:11:33', '2019-07-26 14:11:33'),
(689, 'MINBE#', 'MINERAL BEBEK EKA*', 'pkp', '20', '15000', '20000', '150', NULL, 37, 211, '2019-07-26 14:11:33', '2019-07-26 14:11:33'),
(690, 'MINBEK', 'MINERAL BEBEK EKA', 'pkp', '20', '15000', '20000', '150', NULL, 37, 215, '2019-07-26 14:11:33', '2019-07-26 14:11:33'),
(691, 'MINSA#', 'MINERAL SA44 EKA*', 'pkp', '20', '15000', '20000', '150', NULL, 40, 211, '2019-07-26 14:11:33', '2019-07-26 14:11:33'),
(692, 'MINSAE', 'MINERAL SA44 EKA', 'pkp', '20', '15000', '20000', '150', NULL, 40, 215, '2019-07-26 14:11:33', '2019-07-26 14:11:33'),
(693, 'MIPCIN', 'MIPCINTA', 'pkp', '20', '15000', '20000', '150', NULL, 49, 211, '2019-07-26 14:11:33', '2019-07-26 14:11:33'),
(694, 'MIST1L', 'MISTY 1LTR', 'pkp', '20', '15000', '20000', '150', NULL, 34, 231, '2019-07-26 14:11:33', '2019-07-26 14:11:33'),
(695, 'MIST2L', 'MISTY 205R', 'pkp', '20', '15000', '20000', '150', NULL, 34, 231, '2019-07-26 14:11:33', '2019-07-26 14:11:33'),
(696, 'MISTST', 'MISTY STIK', 'pkp', '20', '15000', '20000', '150', NULL, 34, 231, '2019-07-26 14:11:33', '2019-07-26 14:11:33'),
(697, 'MONTAF', 'MONTAF', 'pkp', '20', '15000', '20000', '150', NULL, 49, 214, '2019-07-26 14:11:33', '2019-07-26 14:11:33'),
(698, 'MS100', 'MEDI STRESS 100', 'pkp', '20', '15000', '20000', '150', NULL, 37, 231, '2019-07-26 14:11:33', '2019-07-26 14:11:33'),
(699, 'MTRKN', 'MUTIARA KENARI', 'pkp', '20', '15000', '20000', '150', NULL, 43, 211, '2019-07-26 14:11:33', '2019-07-26 14:11:33'),
(700, 'MTRKNB', 'MTR KN BTL', 'pkp', '20', '15000', '20000', '150', NULL, 43, 214, '2019-07-26 14:11:33', '2019-07-26 14:11:33'),
(701, 'MTRLBB', 'MTR LB BTL', 'pkp', '20', '15000', '20000', '150', NULL, 43, 214, '2019-07-26 14:11:33', '2019-07-26 14:11:33'),
(702, 'MTR45B', 'MTR 45T BTL', 'pkp', '20', '15000', '20000', '150', NULL, 43, 214, '2019-07-26 14:11:33', '2019-07-26 14:11:33'),
(703, 'MTR45T', 'MUTIARA KUTUT', 'pkp', '20', '15000', '20000', '150', NULL, 43, 211, '2019-07-26 14:11:33', '2019-07-26 14:11:33'),
(704, 'NAN120', 'NEO ANTISEP 120ML', 'pkp', '20', '15000', '20000', '150', NULL, 37, 215, '2019-07-26 14:11:33', '2019-07-26 14:11:33');
INSERT INTO `barang` (`id`, `kode_barang`, `nama_barang`, `pkp`, `stok_min`, `harga_beli`, `harga_jual`, `jumlah_stok`, `keterangan`, `id_jenis`, `id_uom`, `created_at`, `updated_at`) VALUES
(705, 'NANT12', 'NEO ANTISEP 120ML*', 'pkp', '20', '15000', '20000', '150', NULL, 37, 214, '2019-07-26 14:11:33', '2019-07-26 14:11:33'),
(706, 'NANT1L', 'NEO ANTISEP 1LT', 'pkp', '20', '15000', '20000', '150', NULL, 37, 214, '2019-07-26 14:11:33', '2019-07-26 14:11:33'),
(707, 'NANT20', 'NEO ANTISEP 20', 'pkp', '20', '15000', '20000', '150', NULL, 37, 241, '2019-07-26 14:11:33', '2019-07-26 14:11:33'),
(708, 'NCD', 'NCD EKA', 'pkp', '20', '15000', '20000', '150', NULL, 37, 214, '2019-07-26 14:11:33', '2019-07-26 14:11:33'),
(709, 'NEM10', 'NEMASOL10', 'pkp', '20', '15000', '20000', '150', NULL, 37, 231, '2019-07-26 14:11:33', '2019-07-26 14:11:33'),
(710, 'NEM100', 'NEMASOL 100', 'pkp', '20', '15000', '20000', '150', NULL, 37, 214, '2019-07-26 14:11:33', '2019-07-26 14:11:33'),
(711, 'NEO100', 'NEOBRO 100', 'pkp', '20', '15000', '20000', '150', NULL, 37, 211, '2019-07-26 14:11:33', '2019-07-26 14:11:33'),
(712, 'NEO250', 'NEOBRO 250', 'pkp', '20', '15000', '20000', '150', NULL, 37, 211, '2019-07-26 14:11:33', '2019-07-26 14:11:33'),
(713, 'NEO5', 'NEOBRO 5', 'pkp', '20', '15000', '20000', '150', NULL, 37, 241, '2019-07-26 14:11:33', '2019-07-26 14:11:33'),
(714, 'NEO5#', 'NEOBRO 5*', 'pkp', '20', '15000', '20000', '150', NULL, 37, 211, '2019-07-26 14:11:33', '2019-07-26 14:11:33'),
(715, 'NICE20', 'NICE 20 KG', 'pkp', '20', '15000', '20000', '150', NULL, 45, 241, '2019-07-26 14:11:33', '2019-07-26 14:11:33'),
(716, 'NIGER', 'NIGER SEED', 'pkp', '20', '15000', '20000', '150', NULL, 43, 219, '2019-07-26 14:11:33', '2019-07-26 14:11:33'),
(717, 'NIPLE', 'NIPLE MINUM AYAM MD', 'pkp', '20', '15000', '20000', '150', NULL, 34, 231, '2019-07-26 14:11:33', '2019-07-26 14:11:33'),
(718, 'NME100', 'NEO MEDITRIL 100', 'pkp', '20', '15000', '20000', '150', NULL, 37, 214, '2019-07-26 14:11:33', '2019-07-26 14:11:33'),
(719, 'NMED20', 'NEO MEDITRIL LAGA 20ML', 'pkp', '20', '15000', '20000', '150', NULL, 37, 241, '2019-07-26 14:11:33', '2019-07-26 14:11:33'),
(720, 'NRDOC', 'NAM41N DOC', 'pkp', '20', '15000', '20000', '150', NULL, 34, 231, '2019-07-26 14:11:33', '2019-07-26 14:11:33'),
(721, 'NS571', 'NS-571-SA', 'pkp', '20', '15000', '20000', '150', NULL, 41, 241, '2019-07-26 14:11:33', '2019-07-26 14:11:33'),
(722, 'O.NGOR', 'OBAT NGOROK', 'pkp', '20', '15000', '20000', '150', NULL, 37, 211, '2019-07-26 14:11:33', '2019-07-26 14:11:33'),
(723, 'ONGKIR', 'ONGKOS KIRIM', 'pkp', '20', '15000', '20000', '150', NULL, 34, 214, '2019-07-26 14:11:33', '2019-07-26 14:11:33'),
(724, 'OSTELI', 'OSTELIN EKA', 'pkp', '20', '15000', '20000', '150', NULL, 37, 211, '2019-07-26 14:11:33', '2019-07-26 14:11:33'),
(725, 'OTEM', 'OBAT TEMBOLOK', 'pkp', '20', '15000', '20000', '150', NULL, 37, 214, '2019-07-26 14:11:33', '2019-07-26 14:11:33'),
(726, '41R-S', '41R-S COMFFED', 'pkp', '20', '15000', '20000', '150', NULL, 41, 241, '2019-07-26 14:11:33', '2019-07-26 14:11:33'),
(727, '41RL', '41R L CMF', 'pkp', '20', '15000', '20000', '150', NULL, 41, 241, '2019-07-26 14:11:33', '2019-07-26 14:11:33'),
(728, 'PC', 'PUYUH COMFEED', 'pkp', '20', '15000', '20000', '150', NULL, 41, 241, '2019-07-26 14:11:33', '2019-07-26 14:11:33'),
(729, 'PESEN', 'PESENAN', 'pkp', '20', '15000', '20000', '150', NULL, 34, 231, '2019-07-26 14:11:33', '2019-07-26 14:11:33'),
(730, 'PF1000', 'PF1000', 'pkp', '20', '15000', '20000', '150', NULL, 44, 241, '2019-07-26 14:11:33', '2019-07-26 14:11:33'),
(731, 'PF500', 'PF500', 'pkp', '20', '15000', '20000', '150', NULL, 44, 241, '2019-07-26 14:11:33', '2019-07-26 14:11:33'),
(732, 'PF800', 'PF800', 'pkp', '20', '15000', '20000', '150', NULL, 44, 241, '2019-07-26 14:11:33', '2019-07-26 14:11:33'),
(733, 'PGABUR', '44L GABURAN', 'pkp', '20', '15000', '20000', '150', NULL, 38, 211, '2019-07-26 14:11:33', '2019-07-26 14:11:33'),
(734, 'PH', 'PH/DEDER IKAN', 'pkp', '20', '15000', '20000', '150', NULL, 44, 241, '2019-07-26 14:11:33', '2019-07-26 14:11:33'),
(735, 'PHGOL#', 'PHOENIX 45T B*', 'pkp', '20', '15000', '20000', '150', NULL, 43, 211, '2019-07-26 14:11:33', '2019-07-26 14:11:33'),
(736, 'PHGOLD', 'PHOENIX 45T B', 'pkp', '20', '15000', '20000', '150', NULL, 43, 215, '2019-07-26 14:11:33', '2019-07-26 14:11:33'),
(737, 'PHKTK', 'PHOENIX 45T K', 'pkp', '20', '15000', '20000', '150', NULL, 43, 215, '2019-07-26 14:11:33', '2019-07-26 14:11:33'),
(738, 'PH45T#', 'PHOENIX 45T K*', 'pkp', '20', '15000', '20000', '150', NULL, 43, 211, '2019-07-26 14:11:33', '2019-07-26 14:11:33'),
(739, 'PHYTON', 'PHYTON BLOK', 'pkp', '20', '15000', '20000', '150', NULL, 48, 211, '2019-07-26 14:11:33', '2019-07-26 14:11:33'),
(740, '4510', 'OBAT CACAR 10GR', 'pkp', '20', '15000', '20000', '150', NULL, 39, 211, '2019-07-26 14:11:33', '2019-07-26 14:11:33'),
(741, '45100', 'OBAT CACAR 100GR', 'pkp', '20', '15000', '20000', '150', NULL, 39, 211, '2019-07-26 14:11:33', '2019-07-26 14:11:33'),
(742, '452', '45-2 KOI', 'pkp', '20', '15000', '20000', '150', NULL, 44, 241, '2019-07-26 14:11:33', '2019-07-26 14:11:33'),
(743, '452#', '45-2 KOI*', 'pkp', '20', '15000', '20000', '150', NULL, 44, 219, '2019-07-26 14:11:33', '2019-07-26 14:11:33'),
(744, '455', '45-5 KOI', 'pkp', '20', '15000', '20000', '150', NULL, 44, 241, '2019-07-26 14:11:33', '2019-07-26 14:11:33'),
(745, '455#', '45-5 KOI*', 'pkp', '20', '15000', '20000', '150', NULL, 44, 219, '2019-07-26 14:11:33', '2019-07-26 14:11:33'),
(746, '45CAIR', '45 CAIR 100ML', 'pkp', '20', '15000', '20000', '150', NULL, 39, 214, '2019-07-26 14:11:33', '2019-07-26 14:11:33'),
(747, 'PL241', '44ALA 241 COMFEED', 'pkp', '20', '15000', '20000', '150', NULL, 41, 241, '2019-07-26 14:11:33', '2019-07-26 14:11:33'),
(748, 'PL521#', 'PLASTIK 521 *', 'pkp', '20', '15000', '20000', '150', NULL, 34, 241, '2019-07-26 14:11:33', '2019-07-26 14:11:33'),
(749, 'PLA521', 'PLASTIK 521', 'pkp', '20', '15000', '20000', '150', NULL, 34, 219, '2019-07-26 14:11:33', '2019-07-26 14:11:33'),
(750, 'PLAKN', 'PLATONIC KN', 'pkp', '20', '15000', '20000', '150', NULL, 43, 215, '2019-07-26 14:11:33', '2019-07-26 14:11:33'),
(751, 'PLAKT', 'PLATONIC 45T', 'pkp', '20', '15000', '20000', '150', NULL, 43, 215, '2019-07-26 14:11:33', '2019-07-26 14:11:33'),
(752, 'PLALB', 'PLATONIC LB', 'pkp', '20', '15000', '20000', '150', NULL, 43, 215, '2019-07-26 14:11:33', '2019-07-26 14:11:33'),
(753, 'PLANKT', 'PLANKTOP', 'pkp', '20', '15000', '20000', '150', NULL, 39, 214, '2019-07-26 14:11:33', '2019-07-26 14:11:33'),
(754, 'PLA45T', 'PLASTIK PERKUTUT', 'pkp', '20', '15000', '20000', '150', NULL, 34, 219, '2019-07-26 14:11:33', '2019-07-26 14:11:33'),
(755, 'PME100', 'PUYUH MEDI EGG 100', 'pkp', '20', '15000', '20000', '150', NULL, 37, 211, '2019-07-26 14:11:33', '2019-07-26 14:11:33'),
(756, 'POC', 'POC NASA(25)', 'pkp', '20', '15000', '20000', '150', NULL, 37, 215, '2019-07-26 14:11:33', '2019-07-26 14:11:33'),
(757, 'POC#', 'POC NASA*', 'pkp', '20', '15000', '20000', '150', NULL, 37, 214, '2019-07-26 14:11:33', '2019-07-26 14:11:33'),
(758, 'P46', 'P46', 'pkp', '20', '15000', '20000', '150', NULL, 41, 241, '2019-07-26 14:11:33', '2019-07-26 14:11:33'),
(759, 'PREMAQ', 'PREMIX AQUAVITA', 'pkp', '20', '15000', '20000', '150', NULL, 39, 211, '2019-07-26 14:11:33', '2019-07-26 14:11:33'),
(760, 'PREO2', 'PREO 891-2', 'pkp', '20', '15000', '20000', '150', NULL, 44, 241, '2019-07-26 14:11:33', '2019-07-26 14:11:33'),
(761, 'PREO3', 'PREO 891-3', 'pkp', '20', '15000', '20000', '150', NULL, 44, 241, '2019-07-26 14:11:33', '2019-07-26 14:11:33'),
(762, 'PROGOL', 'PROGOL', 'pkp', '20', '15000', '20000', '150', NULL, 39, 211, '2019-07-26 14:11:33', '2019-07-26 14:11:33'),
(763, 'PROKSI', 'PROKSI', 'pkp', '20', '15000', '20000', '150', NULL, 49, 214, '2019-07-26 14:11:33', '2019-07-26 14:11:33'),
(764, 'PROMIX', 'PROMIX 1KG', 'pkp', '20', '15000', '20000', '150', NULL, 37, 211, '2019-07-26 14:11:33', '2019-07-26 14:11:33'),
(765, 'PRONTK', 'ALAMI PERONTOK', 'pkp', '20', '15000', '20000', '150', NULL, 38, 214, '2019-07-26 14:11:33', '2019-07-26 14:11:33'),
(766, 'PROTEC', 'PROTEC PLUS', 'pkp', '20', '15000', '20000', '150', NULL, 39, 211, '2019-07-26 14:11:33', '2019-07-26 14:11:33'),
(767, '46C', '46C-P', 'pkp', '20', '15000', '20000', '150', NULL, 44, 241, '2019-07-26 14:11:33', '2019-07-26 14:11:33'),
(768, '46C#', '46C-P*', 'pkp', '20', '15000', '20000', '150', NULL, 44, 219, '2019-07-26 14:11:33', '2019-07-26 14:11:33'),
(769, '46MBE#', '46M BEO*', 'pkp', '20', '15000', '20000', '150', NULL, 43, 211, '2019-07-26 14:11:33', '2019-07-26 14:11:33'),
(770, '46MBEO', '46M BEO', 'pkp', '20', '15000', '20000', '150', NULL, 43, 241, '2019-07-26 14:11:33', '2019-07-26 14:11:33'),
(771, '46MH', '46M H', 'pkp', '20', '15000', '20000', '150', NULL, 43, 241, '2019-07-26 14:11:33', '2019-07-26 14:11:33'),
(772, '46MH#', '46MH*', 'pkp', '20', '15000', '20000', '150', NULL, 43, 211, '2019-07-26 14:11:33', '2019-07-26 14:11:33'),
(773, '46MK', '46M K', 'pkp', '20', '15000', '20000', '150', NULL, 43, 241, '2019-07-26 14:11:33', '2019-07-26 14:11:33'),
(774, '46MK#', '46MK*', 'pkp', '20', '15000', '20000', '150', NULL, 43, 211, '2019-07-26 14:11:33', '2019-07-26 14:11:33'),
(775, '46P', '46P', 'pkp', '20', '15000', '20000', '150', NULL, 44, 241, '2019-07-26 14:11:33', '2019-07-26 14:11:33'),
(776, '46P#', '46P*', 'pkp', '20', '15000', '20000', '150', NULL, 44, 219, '2019-07-26 14:11:33', '2019-07-26 14:11:33'),
(777, 'PTMA1G', '44RING TMA 1GL', 'pkp', '20', '15000', '20000', '150', NULL, 34, 231, '2019-07-26 14:11:33', '2019-07-26 14:11:33'),
(778, 'PTMA2G', '44RING TMA 2GL', 'pkp', '20', '15000', '20000', '150', NULL, 34, 231, '2019-07-26 14:11:33', '2019-07-26 14:11:33'),
(779, 'PTRA3K', '44RING TRA 3KG', 'pkp', '20', '15000', '20000', '150', NULL, 34, 231, '2019-07-26 14:11:33', '2019-07-26 14:11:33'),
(780, 'PTRA5K', '44RING TRA 5KG', 'pkp', '20', '15000', '20000', '150', NULL, 34, 231, '2019-07-26 14:11:33', '2019-07-26 14:11:33'),
(781, 'PU', '241AN UDANG', 'pkp', '20', '15000', '20000', '150', NULL, 44, 219, '2019-07-26 14:11:33', '2019-07-26 14:11:33'),
(782, 'PURBKS', 'PUR BUNGKUSAN', 'pkp', '20', '15000', '20000', '150', NULL, 43, 211, '2019-07-26 14:11:33', '2019-07-26 14:11:33'),
(783, 'PY3', 'PY3', 'pkp', '20', '15000', '20000', '150', NULL, 41, 241, '2019-07-26 14:11:33', '2019-07-26 14:11:33'),
(784, 'R0EVI', 'R0 EVIALIS', 'pkp', '20', '15000', '20000', '150', NULL, 41, 241, '2019-07-26 14:11:33', '2019-07-26 14:11:33'),
(785, 'R1', 'R1', 'pkp', '20', '15000', '20000', '150', NULL, 41, 241, '2019-07-26 14:11:33', '2019-07-26 14:11:33'),
(786, 'R2', 'R2', 'pkp', '20', '15000', '20000', '150', NULL, 41, 241, '2019-07-26 14:11:33', '2019-07-26 14:11:33'),
(787, 'R5', 'QL EVIALIS', 'pkp', '20', '15000', '20000', '150', NULL, 41, 241, '2019-07-26 14:11:33', '2019-07-26 14:11:33'),
(788, 'R34', 'R34 SA44', 'pkp', '20', '15000', '20000', '150', NULL, 40, 214, '2019-07-26 14:11:33', '2019-07-26 14:11:33'),
(789, 'REGN-S', 'REGENT SERBUK 1KG', 'pkp', '20', '15000', '20000', '150', NULL, 49, 219, '2019-07-26 14:11:33', '2019-07-26 14:11:33'),
(790, 'REGN10', 'REGENT 100ML', 'pkp', '20', '15000', '20000', '150', NULL, 49, 214, '2019-07-26 14:11:33', '2019-07-26 14:11:33'),
(791, 'REGN50', 'REGENT 50ML', 'pkp', '20', '15000', '20000', '150', NULL, 49, 214, '2019-07-26 14:11:33', '2019-07-26 14:11:33'),
(792, 'REGULA', 'REGULATOR GAS', 'pkp', '20', '15000', '20000', '150', NULL, 34, 231, '2019-07-26 14:11:33', '2019-07-26 14:11:33'),
(793, 'RIPC10', 'RIPCORD 100ML', 'pkp', '20', '15000', '20000', '150', NULL, 49, 220, '2019-07-26 14:11:33', '2019-07-26 14:11:33'),
(794, 'RIZOTI', 'RIZOTIN 100ML', 'pkp', '20', '15000', '20000', '150', NULL, 49, 220, '2019-07-26 14:11:33', '2019-07-26 14:11:33'),
(795, 'RKN', 'RUMAH KENARI', 'pkp', '20', '15000', '20000', '150', NULL, 43, 211, '2019-07-26 14:11:33', '2019-07-26 14:11:33'),
(796, 'RONGLH', 'RONGGOLAWE HALUS', 'pkp', '20', '15000', '20000', '150', NULL, 43, 215, '2019-07-26 14:11:33', '2019-07-26 14:11:33'),
(797, 'RONGLK', 'RONGGOLAWE KASAR', 'pkp', '20', '15000', '20000', '150', NULL, 43, 215, '2019-07-26 14:11:33', '2019-07-26 14:11:33'),
(798, 'RONGLP', 'RONGGOLAWE 45T', 'pkp', '20', '15000', '20000', '150', NULL, 43, 215, '2019-07-26 14:11:33', '2019-07-26 14:11:33'),
(799, 'RUP1L#', 'ROUND UP 1LT*', 'pkp', '20', '15000', '20000', '150', NULL, 49, 214, '2019-07-26 14:11:33', '2019-07-26 14:11:33'),
(800, 'RUP1LT', 'ROUND UP 1LT', 'pkp', '20', '15000', '20000', '150', NULL, 49, 215, '2019-07-26 14:11:33', '2019-07-26 14:11:33'),
(801, 'RUP20#', 'ROUND UP 200ML*', 'pkp', '20', '15000', '20000', '150', NULL, 49, 214, '2019-07-26 14:11:33', '2019-07-26 14:11:33'),
(802, 'RUP200', 'ROUND UP 200ML', 'pkp', '20', '15000', '20000', '150', NULL, 49, 215, '2019-07-26 14:11:33', '2019-07-26 14:11:33'),
(803, 'RUP4LT', 'ROUND UP 4LT', 'pkp', '20', '15000', '20000', '150', NULL, 49, 217, '2019-07-26 14:11:33', '2019-07-26 14:11:33'),
(804, 'S99-2S', 'S99-2SP EXT (SP. CARP)', 'pkp', '20', '15000', '20000', '150', NULL, 44, 241, '2019-07-26 14:11:33', '2019-07-26 14:11:33'),
(805, 'S99-3', 'S99-3', 'pkp', '20', '15000', '20000', '150', NULL, 44, 241, '2019-07-26 14:11:33', '2019-07-26 14:11:33'),
(806, 'SALTER', 'SALTER', 'pkp', '20', '15000', '20000', '150', NULL, 34, 231, '2019-07-26 14:11:33', '2019-07-26 14:11:33'),
(807, 'SANCA', 'SANCA', 'pkp', '20', '15000', '20000', '150', NULL, 48, 223, '2019-07-26 14:11:33', '2019-07-26 14:11:33'),
(808, 'SCABIX', 'SCABIX EKA', 'pkp', '20', '15000', '20000', '150', NULL, 40, 214, '2019-07-26 14:11:33', '2019-07-26 14:11:33'),
(809, 'SCORE1', 'SCORE 100ML', 'pkp', '20', '15000', '20000', '150', NULL, 49, 214, '2019-07-26 14:11:33', '2019-07-26 14:11:33'),
(810, 'SEG100', 'STRONG EGG 100', 'pkp', '20', '15000', '20000', '150', NULL, 37, 211, '2019-07-26 14:11:33', '2019-07-26 14:11:33'),
(811, 'SELANG', 'SELANG GAS 3M', 'pkp', '20', '15000', '20000', '150', NULL, 34, 237, '2019-07-26 14:11:33', '2019-07-26 14:11:33'),
(812, 'SELDEN', 'SELDENE 50ML', 'pkp', '20', '15000', '20000', '150', NULL, 49, 214, '2019-07-26 14:11:33', '2019-07-26 14:11:33'),
(813, 'SELMUL', 'SEL MULTI', 'pkp', '20', '15000', '20000', '150', NULL, 39, 214, '2019-07-26 14:11:33', '2019-07-26 14:11:33'),
(814, 'SIDAMT', 'SIDAMETHRIN 100ML', 'pkp', '20', '15000', '20000', '150', NULL, 49, 220, '2019-07-26 14:11:33', '2019-07-26 14:11:33'),
(815, 'SIDAZI', 'SIDAZINON', 'pkp', '20', '15000', '20000', '150', NULL, 49, 220, '2019-07-26 14:11:33', '2019-07-26 14:11:33'),
(816, 'SKMH', 'SKM HALUS', 'pkp', '20', '15000', '20000', '150', NULL, 43, 241, '2019-07-26 14:11:33', '2019-07-26 14:11:33'),
(817, 'SKMH#', 'SKMH*', 'pkp', '20', '15000', '20000', '150', NULL, 43, 211, '2019-07-26 14:11:33', '2019-07-26 14:11:33'),
(818, 'SKMK', 'SKM KASAR', 'pkp', '20', '15000', '20000', '150', NULL, 43, 241, '2019-07-26 14:11:33', '2019-07-26 14:11:33'),
(819, 'SKMK#', 'SKMK*', 'pkp', '20', '15000', '20000', '150', NULL, 43, 211, '2019-07-26 14:11:33', '2019-07-26 14:11:33'),
(820, 'SL', 'SL', 'pkp', '20', '15000', '20000', '150', NULL, 41, 241, '2019-07-26 14:11:33', '2019-07-26 14:11:33'),
(821, 'SLT', 'SALTER 50KG', 'pkp', '20', '15000', '20000', '150', NULL, 34, 231, '2019-07-26 14:11:33', '2019-07-26 14:11:33'),
(822, 'SMAWR6', 'SMAWAR GAS 60CM', 'pkp', '20', '15000', '20000', '150', NULL, 34, 237, '2019-07-26 14:11:33', '2019-07-26 14:11:33'),
(823, 'SMAWRG', 'SMAWAR GAS KOMPLIT', 'pkp', '20', '15000', '20000', '150', NULL, 34, 237, '2019-07-26 14:11:33', '2019-07-26 14:11:33'),
(824, 'SOCTER', 'SOC GDM TERNAK 205R', 'pkp', '20', '15000', '20000', '150', NULL, 37, 214, '2019-07-26 14:11:33', '2019-07-26 14:11:33'),
(825, 'SOLVIT', 'SOLVIT LAGA', 'pkp', '20', '15000', '20000', '150', NULL, 37, 214, '2019-07-26 14:11:33', '2019-07-26 14:11:33'),
(826, 'SP10', 'SP POWER', 'pkp', '20', '15000', '20000', '150', NULL, 37, 241, '2019-07-26 14:11:33', '2019-07-26 14:11:33'),
(827, 'SPGEMU', 'SP GEMUK AYAM', 'pkp', '20', '15000', '20000', '150', NULL, 40, 211, '2019-07-26 14:11:33', '2019-07-26 14:11:33'),
(828, 'SPGIN#', 'SP GINSENG', 'pkp', '20', '15000', '20000', '150', NULL, 37, 211, '2019-07-26 14:11:33', '2019-07-26 14:11:33'),
(829, 'SPGIR', 'SP GIRENG ', 'pkp', '20', '15000', '20000', '150', NULL, 38, 215, '2019-07-26 14:11:33', '2019-07-26 14:11:33'),
(830, 'SPGIRB', 'SP GIRENG*', 'pkp', '20', '15000', '20000', '150', NULL, 38, 211, '2019-07-26 14:11:33', '2019-07-26 14:11:33'),
(831, 'SPLAHA', 'SP LAHAP', 'pkp', '20', '15000', '20000', '150', NULL, 40, 211, '2019-07-26 14:11:33', '2019-07-26 14:11:33'),
(832, 'SPON20', 'SPONTAN 200ML', 'pkp', '20', '15000', '20000', '150', NULL, 49, 214, '2019-07-26 14:11:33', '2019-07-26 14:11:33'),
(833, 'SPONTA', 'SPONTAN 50ML', 'pkp', '20', '15000', '20000', '150', NULL, 49, 214, '2019-07-26 14:11:33', '2019-07-26 14:11:33'),
(834, 'S46ONI', 'SP SONIC', 'pkp', '20', '15000', '20000', '150', NULL, 37, 241, '2019-07-26 14:11:33', '2019-07-26 14:11:33'),
(835, 'S46TAT', 'SP STATER SA44', 'pkp', '20', '15000', '20000', '150', NULL, 40, 214, '2019-07-26 14:11:33', '2019-07-26 14:11:33'),
(836, 'ST10', 'SP TOP', 'pkp', '20', '15000', '20000', '150', NULL, 37, 241, '2019-07-26 14:11:33', '2019-07-26 14:11:33'),
(837, 'ST10#', 'SP TOP*', 'pkp', '20', '15000', '20000', '150', NULL, 37, 231, '2019-07-26 14:11:33', '2019-07-26 14:11:33'),
(838, 'STAR50', 'STARBAN 50ML', 'pkp', '20', '15000', '20000', '150', NULL, 49, 214, '2019-07-26 14:11:33', '2019-07-26 14:11:33'),
(839, 'STARDU', 'STARDUCK', 'pkp', '20', '15000', '20000', '150', NULL, 41, 241, '2019-07-26 14:11:33', '2019-07-26 14:11:33'),
(840, 'STRESO', 'STRESS OFF', 'pkp', '20', '15000', '20000', '150', NULL, 39, 211, '2019-07-26 14:11:33', '2019-07-26 14:11:33'),
(841, 'SUN10', 'SUNTIKAN 10ML', 'pkp', '20', '15000', '20000', '150', NULL, 34, 231, '2019-07-26 14:11:33', '2019-07-26 14:11:33'),
(842, 'SUN20', 'SUNTIKAN 20ML', 'pkp', '20', '15000', '20000', '150', NULL, 34, 231, '2019-07-26 14:11:33', '2019-07-26 14:11:33'),
(843, 'SUN50', 'SUNTIKAN 50ML', 'pkp', '20', '15000', '20000', '150', NULL, 34, 231, '2019-07-26 14:11:33', '2019-07-26 14:11:33'),
(844, 'T.BEKI', 'TOP BEKISAR EKA', 'pkp', '20', '15000', '20000', '150', NULL, 37, 211, '2019-07-26 14:11:33', '2019-07-26 14:11:33'),
(845, 'T51', 'T51 HIPRO', 'pkp', '20', '15000', '20000', '150', NULL, 41, 241, '2019-07-26 14:11:33', '2019-07-26 14:11:33'),
(846, 'T51#', 'T-51*', 'pkp', '20', '15000', '20000', '150', NULL, 41, 219, '2019-07-26 14:11:33', '2019-07-26 14:11:33'),
(847, 'T52', 'T52 HIPRO', 'pkp', '20', '15000', '20000', '150', NULL, 41, 241, '2019-07-26 14:11:33', '2019-07-26 14:11:33'),
(848, 'T78-2A', 'T78-2A', 'pkp', '20', '15000', '20000', '150', NULL, 44, 241, '2019-07-26 14:11:33', '2019-07-26 14:11:33'),
(849, 'TAD1', 'TS ADUAN 1', 'pkp', '20', '15000', '20000', '150', NULL, 41, 215, '2019-07-26 14:11:33', '2019-07-26 14:11:33'),
(850, 'TAD1#', 'TS ADUAN 1*', 'pkp', '20', '15000', '20000', '150', NULL, 41, 219, '2019-07-26 14:11:33', '2019-07-26 14:11:33'),
(851, 'TAD2', 'TS ADUAN 2', 'pkp', '20', '15000', '20000', '150', NULL, 41, 215, '2019-07-26 14:11:33', '2019-07-26 14:11:33'),
(852, 'TAD2#', 'TS ADUAN 2*', 'pkp', '20', '15000', '20000', '150', NULL, 41, 219, '2019-07-26 14:11:33', '2019-07-26 14:11:33'),
(853, 'TAKA2#', 'TAKARI 250*', 'pkp', '20', '15000', '20000', '150', NULL, 44, 211, '2019-07-26 14:11:33', '2019-07-26 14:11:33'),
(854, 'TAKA25', 'TAKARI 250GR', 'pkp', '20', '15000', '20000', '150', NULL, 44, 215, '2019-07-26 14:11:33', '2019-07-26 14:11:33'),
(855, 'TAKAR#', 'TAKARI*', 'pkp', '20', '15000', '20000', '150', NULL, 44, 211, '2019-07-26 14:11:33', '2019-07-26 14:11:33'),
(856, 'TAKARI', 'TAKARI', 'pkp', '20', '15000', '20000', '150', NULL, 44, 215, '2019-07-26 14:11:33', '2019-07-26 14:11:33'),
(857, 'TANGGU', 'TANGGUH NASA', 'pkp', '20', '15000', '20000', '150', NULL, 37, 214, '2019-07-26 14:11:33', '2019-07-26 14:11:33'),
(858, 'TC10', 'TETRA CHLOR 10', 'pkp', '20', '15000', '20000', '150', NULL, 37, 241, '2019-07-26 14:11:33', '2019-07-26 14:11:33'),
(859, 'TC300', 'TETRA CHLOR 300', 'pkp', '20', '15000', '20000', '150', NULL, 37, 214, '2019-07-26 14:11:33', '2019-07-26 14:11:33'),
(860, 'TC50', 'TETRA CHLOR 50', 'pkp', '20', '15000', '20000', '150', NULL, 37, 241, '2019-07-26 14:11:33', '2019-07-26 14:11:33'),
(861, 'TC50#', 'TETRA CHLOR 50*', 'pkp', '20', '15000', '20000', '150', NULL, 37, 214, '2019-07-26 14:11:33', '2019-07-26 14:11:33'),
(862, 'TCS100', 'TETRA CHLOR S 100', 'pkp', '20', '15000', '20000', '150', NULL, 37, 211, '2019-07-26 14:11:33', '2019-07-26 14:11:33'),
(863, 'TEDUN', 'TEDUN BIASA EKA', 'pkp', '20', '15000', '20000', '150', NULL, 37, 211, '2019-07-26 14:11:33', '2019-07-26 14:11:33'),
(864, 'TEDUNS', 'TEDUN SPC EKA', 'pkp', '20', '15000', '20000', '150', NULL, 37, 211, '2019-07-26 14:11:33', '2019-07-26 14:11:33'),
(865, 'TEMUJI', 'TEMUJIN AYAM ADU', 'pkp', '20', '15000', '20000', '150', NULL, 37, 223, '2019-07-26 14:11:33', '2019-07-26 14:11:33'),
(866, 'TERAFT', 'TERAFIT BRG EKA', 'pkp', '20', '15000', '20000', '150', NULL, 38, 211, '2019-07-26 14:11:33', '2019-07-26 14:11:33'),
(867, 'TETRA', 'TETRA CHLOR 10*', 'pkp', '20', '15000', '20000', '150', NULL, 41, 211, '2019-07-26 14:11:33', '2019-07-26 14:11:33'),
(868, 'TETRIN', 'TETRIN 100ML', 'pkp', '20', '15000', '20000', '150', NULL, 49, 214, '2019-07-26 14:11:33', '2019-07-26 14:11:33'),
(869, 'TGRIT', 'TOP GRIT', 'pkp', '20', '15000', '20000', '150', NULL, 43, 211, '2019-07-26 14:11:33', '2019-07-26 14:11:33'),
(870, 'TH100', 'THERAPY 100', 'pkp', '20', '15000', '20000', '150', NULL, 37, 211, '2019-07-26 14:11:33', '2019-07-26 14:11:33'),
(871, 'TH250', 'THERAPY 250', 'pkp', '20', '15000', '20000', '150', NULL, 37, 211, '2019-07-26 14:11:33', '2019-07-26 14:11:33'),
(872, 'TH5', 'THERAPY 5', 'pkp', '20', '15000', '20000', '150', NULL, 37, 241, '2019-07-26 14:11:33', '2019-07-26 14:11:33'),
(873, 'TH5#', 'THERAPY 5*', 'pkp', '20', '15000', '20000', '150', NULL, 37, 211, '2019-07-26 14:11:33', '2019-07-26 14:11:33'),
(874, 'THEMBI', 'THEMIEX BIRU', 'pkp', '20', '15000', '20000', '150', NULL, 48, 241, '2019-07-26 14:11:33', '2019-07-26 14:11:33'),
(875, 'THEMIE', 'THEMIEX KUNING', 'pkp', '20', '15000', '20000', '150', NULL, 48, 223, '2019-07-26 14:11:33', '2019-07-26 14:11:33'),
(876, 'TITAW#', 'TIEH TA WAN*', 'pkp', '20', '15000', '20000', '150', NULL, 37, 231, '2019-07-26 14:11:33', '2019-07-26 14:11:33'),
(877, 'TITAWA', 'TIEH TA WAN', 'pkp', '20', '15000', '20000', '150', NULL, 37, 241, '2019-07-26 14:11:33', '2019-07-26 14:11:33'),
(878, 'TL888', 'TL888', 'pkp', '20', '15000', '20000', '150', NULL, 44, 241, '2019-07-26 14:11:33', '2019-07-26 14:11:33'),
(879, 'TL888#', 'TL888*', 'pkp', '20', '15000', '20000', '150', NULL, 44, 219, '2019-07-26 14:11:33', '2019-07-26 14:11:33'),
(880, 'TMA 2G', 'TMA 2GL', 'pkp', '20', '15000', '20000', '150', NULL, 34, 231, '2019-07-26 14:11:33', '2019-07-26 14:11:33'),
(881, 'TMA1G', 'TMA 1GL', 'pkp', '20', '15000', '20000', '150', NULL, 34, 231, '2019-07-26 14:11:33', '2019-07-26 14:11:33'),
(882, 'TMA1L', 'TMA 1LT', 'pkp', '20', '15000', '20000', '150', NULL, 34, 231, '2019-07-26 14:11:33', '2019-07-26 14:11:33'),
(883, 'TMAO', 'TMAO', 'pkp', '20', '15000', '20000', '150', NULL, 34, 231, '2019-07-26 14:11:33', '2019-07-26 14:11:33'),
(884, 'TMKWT', 'TM KAWAT MD', 'pkp', '20', '15000', '20000', '150', NULL, 34, 231, '2019-07-26 14:11:33', '2019-07-26 14:11:33'),
(885, 'TON', 'TON NASA', 'pkp', '20', '15000', '20000', '150', NULL, 37, 214, '2019-07-26 14:11:33', '2019-07-26 14:11:33'),
(886, 'TONIKU', 'TONIKUM JAGO', 'pkp', '20', '15000', '20000', '150', NULL, 37, 211, '2019-07-26 14:11:33', '2019-07-26 14:11:33'),
(887, 'TO45IL', 'TOP KILLER', 'pkp', '20', '15000', '20000', '150', NULL, 48, 211, '2019-07-26 14:11:33', '2019-07-26 14:11:33'),
(888, 'TOTAL', 'TOTAL SHAMPOO', 'pkp', '20', '15000', '20000', '150', NULL, 38, 215, '2019-07-26 14:11:33', '2019-07-26 14:11:33'),
(889, 'TOTAL#', 'TOTAL SHAMPOO*', 'pkp', '20', '15000', '20000', '150', NULL, 38, 214, '2019-07-26 14:11:33', '2019-07-26 14:11:33'),
(890, 'TOXIPU', 'TOXIPUT 200GR', 'pkp', '20', '15000', '20000', '150', NULL, 49, 211, '2019-07-26 14:11:33', '2019-07-26 14:11:33'),
(891, 'TPM10', 'TOP MIX 10KG ZAK', 'pkp', '20', '15000', '20000', '150', NULL, 37, 241, '2019-07-26 14:11:33', '2019-07-26 14:11:33'),
(892, 'TPM50', 'TOP MIX 500', 'pkp', '20', '15000', '20000', '150', NULL, 37, 241, '2019-07-26 14:11:33', '2019-07-26 14:11:33'),
(893, 'TPM50#', 'TOPMIK 500*', 'pkp', '20', '15000', '20000', '150', NULL, 37, 211, '2019-07-26 14:11:33', '2019-07-26 14:11:33'),
(894, 'TRA1KG', 'TRA 1KG', 'pkp', '20', '15000', '20000', '150', NULL, 34, 231, '2019-07-26 14:11:33', '2019-07-26 14:11:33'),
(895, 'TRA3KG', 'TRA 3KG', 'pkp', '20', '15000', '20000', '150', NULL, 34, 231, '2019-07-26 14:11:33', '2019-07-26 14:11:33'),
(896, 'TRA4KG', 'TRA 4KG', 'pkp', '20', '15000', '20000', '150', NULL, 34, 231, '2019-07-26 14:11:33', '2019-07-26 14:11:33'),
(897, 'TRA5KG', 'TRA 5KG', 'pkp', '20', '15000', '20000', '150', NULL, 34, 231, '2019-07-26 14:11:33', '2019-07-26 14:11:33'),
(898, 'TRB100', 'TURBO 100', 'pkp', '20', '15000', '20000', '150', NULL, 37, 211, '2019-07-26 14:11:33', '2019-07-26 14:11:33'),
(899, 'TRB5', 'TURBO 5', 'pkp', '20', '15000', '20000', '150', NULL, 37, 241, '2019-07-26 14:11:33', '2019-07-26 14:11:33'),
(900, 'TRIB+', 'TRIMEZYN B+', 'pkp', '20', '15000', '20000', '150', NULL, 38, 241, '2019-07-26 14:11:33', '2019-07-26 14:11:33'),
(901, 'TRIK50', 'TRIMEZYN KAP 50', 'pkp', '20', '15000', '20000', '150', NULL, 37, 241, '2019-07-26 14:11:33', '2019-07-26 14:11:33'),
(902, 'TRIKP#', 'TRIMEZYN KAP*', 'pkp', '20', '15000', '20000', '150', NULL, 37, 211, '2019-07-26 14:11:33', '2019-07-26 14:11:33'),
(903, 'TRIS5', 'TRIMEZYN S 5', 'pkp', '20', '15000', '20000', '150', NULL, 37, 241, '2019-07-26 14:11:33', '2019-07-26 14:11:33'),
(904, 'TRIW', 'TRIWORM(10)', 'pkp', '20', '15000', '20000', '150', NULL, 37, 211, '2019-07-26 14:11:33', '2019-07-26 14:11:33'),
(905, 'TRIW3', 'TRIWORM 300', 'pkp', '20', '15000', '20000', '150', NULL, 37, 241, '2019-07-26 14:11:33', '2019-07-26 14:11:33'),
(906, 'TRK500', 'TRIMEZYN KAP 500', 'pkp', '20', '15000', '20000', '150', NULL, 37, 214, '2019-07-26 14:11:33', '2019-07-26 14:11:33'),
(907, 'TRS100', 'TRIMEZYN S 100', 'pkp', '20', '15000', '20000', '150', NULL, 37, 211, '2019-07-26 14:11:33', '2019-07-26 14:11:33'),
(908, 'TRYB', 'TRIMEZYN BOLUS', 'pkp', '20', '15000', '20000', '150', NULL, 40, 231, '2019-07-26 14:11:33', '2019-07-26 14:11:33'),
(909, 'TS3IN#', 'TS3IN1*', 'pkp', '20', '15000', '20000', '150', NULL, 43, 211, '2019-07-26 14:11:33', '2019-07-26 14:11:33'),
(910, 'TS3IN1', 'TS3IN1', 'pkp', '20', '15000', '20000', '150', NULL, 43, 215, '2019-07-26 14:11:33', '2019-07-26 14:11:33'),
(911, 'TSAS', 'TSAS', 'pkp', '20', '15000', '20000', '150', NULL, 43, 215, '2019-07-26 14:11:33', '2019-07-26 14:11:33'),
(912, 'TSAS#', 'TSAS*', 'pkp', '20', '15000', '20000', '150', NULL, 43, 211, '2019-07-26 14:11:33', '2019-07-26 14:11:33'),
(913, 'TSMT', 'TSMT', 'pkp', '20', '15000', '20000', '150', NULL, 43, 215, '2019-07-26 14:11:33', '2019-07-26 14:11:33'),
(914, 'TSMT#', 'TSMT*', 'pkp', '20', '15000', '20000', '150', NULL, 43, 211, '2019-07-26 14:11:33', '2019-07-26 14:11:33'),
(915, 'TSRL', 'TSRL', 'pkp', '20', '15000', '20000', '150', NULL, 43, 215, '2019-07-26 14:11:33', '2019-07-26 14:11:33'),
(916, 'TSRL#', 'TSRL*', 'pkp', '20', '15000', '20000', '150', NULL, 43, 211, '2019-07-26 14:11:33', '2019-07-26 14:11:33'),
(917, 'TTSMA', 'TETES MATA AYAM', 'pkp', '20', '15000', '20000', '150', NULL, 37, 214, '2019-07-26 14:11:33', '2019-07-26 14:11:33'),
(918, 'TTSMS', 'TETES MATA SA44 EKA', 'pkp', '20', '15000', '20000', '150', NULL, 40, 214, '2019-07-26 14:11:33', '2019-07-26 14:11:33'),
(919, 'TU', 'TURUN URAT', 'pkp', '20', '15000', '20000', '150', NULL, 37, 231, '2019-07-26 14:11:33', '2019-07-26 14:11:33'),
(920, 'TUDNGS', 'TUDUNG SMAWAR', 'pkp', '20', '15000', '20000', '150', NULL, 34, 237, '2019-07-26 14:11:33', '2019-07-26 14:11:33'),
(921, 'ULIR#', 'ULIR*', 'pkp', '20', '15000', '20000', '150', NULL, 34, 231, '2019-07-26 14:11:34', '2019-07-26 14:11:34'),
(922, 'ULIR12', '241U ULIR12\"', 'pkp', '20', '15000', '20000', '150', NULL, 34, 241, '2019-07-26 14:11:34', '2019-07-26 14:11:34'),
(923, 'VAND1#', 'VANDAFUR 1KG*', 'pkp', '20', '15000', '20000', '150', NULL, 49, 219, '2019-07-26 14:11:34', '2019-07-26 14:11:34'),
(924, 'VAND2K', 'VANDAVUR 2KG', 'pkp', '20', '15000', '20000', '150', NULL, 49, 215, '2019-07-26 14:11:34', '2019-07-26 14:11:34'),
(925, 'VB43', 'VITA B-PLEK BOLUS', 'pkp', '20', '15000', '20000', '150', NULL, 37, 214, '2019-07-26 14:11:34', '2019-07-26 14:11:34'),
(926, 'VC 100', 'VITA CHICKS 100', 'pkp', '20', '15000', '20000', '150', NULL, 37, 211, '2019-07-26 14:11:34', '2019-07-26 14:11:34'),
(927, 'VC10', 'VITA CHICKS 10', 'pkp', '20', '15000', '20000', '150', NULL, 37, 241, '2019-07-26 14:11:34', '2019-07-26 14:11:34'),
(928, 'VC250', 'VITA CHICKS 250', 'pkp', '20', '15000', '20000', '150', NULL, 37, 211, '2019-07-26 14:11:34', '2019-07-26 14:11:34'),
(929, 'VC5', 'VITA CHICKS 5', 'pkp', '20', '15000', '20000', '150', NULL, 37, 241, '2019-07-26 14:11:34', '2019-07-26 14:11:34'),
(930, 'VC5#', 'VITA CHICKS 5*', 'pkp', '20', '15000', '20000', '150', NULL, 37, 211, '2019-07-26 14:11:34', '2019-07-26 14:11:34'),
(931, 'VER120', 'VERMIXON 120', 'pkp', '20', '15000', '20000', '150', NULL, 37, 214, '2019-07-26 14:11:34', '2019-07-26 14:11:34'),
(932, 'VER1LT', 'VERMIXON 1LT', 'pkp', '20', '15000', '20000', '150', NULL, 37, 214, '2019-07-26 14:11:34', '2019-07-26 14:11:34'),
(933, 'VERM04', 'VERM O BOLUS (42)', 'pkp', '20', '15000', '20000', '150', NULL, 40, 214, '2019-07-26 14:11:34', '2019-07-26 14:11:34'),
(934, 'VERMOB', 'VERM O BOLUS', 'pkp', '20', '15000', '20000', '150', NULL, 40, 214, '2019-07-26 14:11:34', '2019-07-26 14:11:34'),
(935, 'VERMOK', 'VERM O KA46UL', 'pkp', '20', '15000', '20000', '150', NULL, 40, 223, '2019-07-26 14:11:34', '2019-07-26 14:11:34'),
(936, 'VERS20', 'VERMIXON 20', 'pkp', '20', '15000', '20000', '150', NULL, 37, 241, '2019-07-26 14:11:34', '2019-07-26 14:11:34'),
(937, 'VETSTR', 'VET STREP 25GR', 'pkp', '20', '15000', '20000', '150', NULL, 37, 214, '2019-07-26 14:11:34', '2019-07-26 14:11:34'),
(938, 'VIRTAC', 'VIRTACO 10ML', 'pkp', '20', '15000', '20000', '150', NULL, 49, 211, '2019-07-26 14:11:34', '2019-07-26 14:11:34'),
(939, 'VITAL5', 'VITALIQUID 500ML', 'pkp', '20', '15000', '20000', '150', NULL, 39, 214, '2019-07-26 14:11:34', '2019-07-26 14:11:34'),
(940, 'VITALQ', 'VITALIQUID 100ML', 'pkp', '20', '15000', '20000', '150', NULL, 39, 214, '2019-07-26 14:11:34', '2019-07-26 14:11:34'),
(941, 'VITC', 'VITAMIN C', 'pkp', '20', '15000', '20000', '150', NULL, 37, 211, '2019-07-26 14:11:34', '2019-07-26 14:11:34'),
(942, 'VITER#', 'VITERNA*', 'pkp', '20', '15000', '20000', '150', NULL, 37, 214, '2019-07-26 14:11:34', '2019-07-26 14:11:34'),
(943, 'VITERN', 'VITERNA(25)', 'pkp', '20', '15000', '20000', '150', NULL, 37, 215, '2019-07-26 14:11:34', '2019-07-26 14:11:34'),
(944, 'VP', 'VITA PRIMA KENARI', 'pkp', '20', '15000', '20000', '150', NULL, 43, 215, '2019-07-26 14:11:34', '2019-07-26 14:11:34'),
(945, 'VP50', 'VITAPLEX 50', 'pkp', '20', '15000', '20000', '150', NULL, 37, 241, '2019-07-26 14:11:34', '2019-07-26 14:11:34'),
(946, 'VP50#', 'VITAPLEX 50*', 'pkp', '20', '15000', '20000', '150', NULL, 37, 231, '2019-07-26 14:11:34', '2019-07-26 14:11:34'),
(947, 'VS100', 'VITA STRESS 100', 'pkp', '20', '15000', '20000', '150', NULL, 37, 211, '2019-07-26 14:11:34', '2019-07-26 14:11:34'),
(948, 'VS5', 'VITA STRESS 5', 'pkp', '20', '15000', '20000', '150', NULL, 37, 241, '2019-07-26 14:11:34', '2019-07-26 14:11:34'),
(949, 'VV100#', 'VANVIN 1000*', 'pkp', '20', '15000', '20000', '150', NULL, 34, 231, '2019-07-26 14:11:34', '2019-07-26 14:11:34'),
(950, 'VV1000', 'VANVIN 1000', 'pkp', '20', '15000', '20000', '150', NULL, 34, 215, '2019-07-26 14:11:34', '2019-07-26 14:11:34'),
(951, 'VV300', 'VANVIN 300', 'pkp', '20', '15000', '20000', '150', NULL, 34, 215, '2019-07-26 14:11:34', '2019-07-26 14:11:34'),
(952, 'VV300#', 'VANVIN 300*', 'pkp', '20', '15000', '20000', '150', NULL, 34, 231, '2019-07-26 14:11:34', '2019-07-26 14:11:34'),
(953, 'VV500', 'VANVIN 500', 'pkp', '20', '15000', '20000', '150', NULL, 34, 215, '2019-07-26 14:11:34', '2019-07-26 14:11:34'),
(954, 'VV500#', 'VANVIN 500*', 'pkp', '20', '15000', '20000', '150', NULL, 34, 231, '2019-07-26 14:11:34', '2019-07-26 14:11:34'),
(955, 'WILZ2L', 'WILZ 205R', 'pkp', '20', '15000', '20000', '150', NULL, 34, 231, '2019-07-26 14:11:34', '2019-07-26 14:11:34'),
(956, 'WOB24', 'WORMZOL B24', 'pkp', '20', '15000', '20000', '150', NULL, 37, 241, '2019-07-26 14:11:34', '2019-07-26 14:11:34'),
(957, 'WOB24*', 'WORMZOL B24*', 'pkp', '20', '15000', '20000', '150', NULL, 37, 231, '2019-07-26 14:11:34', '2019-07-26 14:11:34'),
(958, 'WOKAP', 'WORMZOL KAPLET', 'pkp', '20', '15000', '20000', '150', NULL, 37, 241, '2019-07-26 14:11:34', '2019-07-26 14:11:34'),
(959, 'WOKAP*', 'WORMZOL KAPLET*', 'pkp', '20', '15000', '20000', '150', NULL, 37, 214, '2019-07-26 14:11:34', '2019-07-26 14:11:34'),
(960, 'WORM2', 'WORMECTIN 2ML', 'pkp', '20', '15000', '20000', '150', NULL, 37, 215, '2019-07-26 14:11:34', '2019-07-26 14:11:34'),
(961, 'WORM2#', 'WORMECTIN 2ML*', 'pkp', '20', '15000', '20000', '150', NULL, 37, 231, '2019-07-26 14:11:34', '2019-07-26 14:11:34'),
(962, 'WORM20', 'WORMECTIN 20ML*', 'pkp', '20', '15000', '20000', '150', NULL, 37, 231, '2019-07-26 14:11:34', '2019-07-26 14:11:34'),
(963, 'WORM5', 'WORMECTIN 5ML', 'pkp', '20', '15000', '20000', '150', NULL, 37, 215, '2019-07-26 14:11:34', '2019-07-26 14:11:34'),
(964, 'WORM5#', 'WORMECTIN 5ML*', 'pkp', '20', '15000', '20000', '150', NULL, 37, 231, '2019-07-26 14:11:34', '2019-07-26 14:11:34'),
(965, 'ZAL1LT', 'ZALDES 1LT', 'pkp', '20', '15000', '20000', '150', NULL, 37, 214, '2019-07-26 14:11:34', '2019-07-26 14:11:34'),
(966, 'ZIGGY', 'ZIGGY SHAMPO KUCING', 'pkp', '20', '15000', '20000', '150', NULL, 45, 231, '2019-07-26 14:11:34', '2019-07-26 14:11:34'),
(967, 'ZT3', 'SUPRA ZT3', 'pkp', '20', '15000', '20000', '150', NULL, 44, 241, '2019-07-26 14:11:34', '2019-07-26 14:11:34'),
(968, '1120', 'Test Pak', 'Non-PKP', '14', '2000', '5000', '200', NULL, 48, 222, '2019-07-27 20:54:22', '2019-07-27 20:54:22');

-- --------------------------------------------------------

--
-- Table structure for table `detail__penerimaan`
--

CREATE TABLE `detail__penerimaan` (
  `id` bigint(20) UNSIGNED NOT NULL,
  `id_penerimaan` bigint(20) UNSIGNED NOT NULL,
  `id_barang` bigint(20) UNSIGNED NOT NULL,
  `qty` int(11) NOT NULL,
  `harga` int(11) NOT NULL,
  `total` int(11) NOT NULL,
  `id_user` bigint(20) UNSIGNED NOT NULL,
  `id_uom` bigint(20) UNSIGNED NOT NULL,
  `created_at` timestamp NULL DEFAULT NULL,
  `updated_at` timestamp NULL DEFAULT NULL
) ENGINE=InnoDB DEFAULT CHARSET=utf8mb4 COLLATE=utf8mb4_unicode_ci;

-- --------------------------------------------------------

--
-- Table structure for table `jenis`
--

CREATE TABLE `jenis` (
  `id` bigint(20) UNSIGNED NOT NULL,
  `kode_jenis` varchar(191) COLLATE utf8mb4_unicode_ci NOT NULL,
  `nama_jenis` varchar(191) COLLATE utf8mb4_unicode_ci NOT NULL,
  `merk` varchar(191) COLLATE utf8mb4_unicode_ci DEFAULT NULL
) ENGINE=InnoDB DEFAULT CHARSET=utf8mb4 COLLATE=utf8mb4_unicode_ci;

--
-- Dumping data for table `jenis`
--

INSERT INTO `jenis` (`id`, `kode_jenis`, `nama_jenis`, `merk`) VALUES
(34, 'ALAT', 'PERALATAN', NULL),
(35, 'DOC', 'DOC', NULL),
(36, 'LOCO', 'LOCO', NULL),
(37, 'O.A', 'OBAT AYAM', NULL),
(38, 'O.B', 'OBAT BURUNG', NULL),
(39, 'O.I', 'OBAT IKAN', NULL),
(40, 'O.S', 'OBAT SAPI', NULL),
(41, 'PA', 'PAKAN AYAM', NULL),
(42, 'PAN', 'PAKAN ANJING', NULL),
(43, 'PB', 'PAKAN BURUNG', NULL),
(44, 'PI', 'PAKAN IKAN', NULL),
(45, 'PK', 'PAKAN KUCING', NULL),
(46, 'PS', 'PAKAN SAPI', NULL),
(47, 'PU', 'PAKAN UDANG', NULL),
(48, 'RACUN', 'RACUN TIKUS', NULL),
(49, 'TANI', 'PERTANIAN', NULL);

-- --------------------------------------------------------

--
-- Table structure for table `migrations`
--

CREATE TABLE `migrations` (
  `id` int(10) UNSIGNED NOT NULL,
  `migration` varchar(191) COLLATE utf8mb4_unicode_ci NOT NULL,
  `batch` int(11) NOT NULL
) ENGINE=InnoDB DEFAULT CHARSET=utf8mb4 COLLATE=utf8mb4_unicode_ci;

--
-- Dumping data for table `migrations`
--

INSERT INTO `migrations` (`id`, `migration`, `batch`) VALUES
(1, '2014_10_12_000000_create_users_table', 1),
(2, '2014_10_12_100000_create_password_resets_table', 1),
(3, '2019_07_22_005020_create_suppliers_table', 1),
(4, '2019_07_22_005516_create_jenis_table', 1),
(5, '2019_07_22_005654_create_barangs_table', 1),
(6, '2019_07_22_011407_create_u_o_m_s_table', 1),
(7, '2019_07_22_012759_create_penerimaans_table', 1),
(8, '2019_07_22_013917_create_detail__penerimaans_table', 1),
(9, '2019_07_22_193007_relasi_barang_jenis', 1),
(10, '2019_07_28_065029_relasi_penerimaan_tabel', 2);

-- --------------------------------------------------------

--
-- Table structure for table `password_resets`
--

CREATE TABLE `password_resets` (
  `email` varchar(191) COLLATE utf8mb4_unicode_ci NOT NULL,
  `token` varchar(191) COLLATE utf8mb4_unicode_ci NOT NULL,
  `created_at` timestamp NULL DEFAULT NULL
) ENGINE=InnoDB DEFAULT CHARSET=utf8mb4 COLLATE=utf8mb4_unicode_ci;

-- --------------------------------------------------------

--
-- Table structure for table `penerimaan`
--

CREATE TABLE `penerimaan` (
  `id` bigint(20) UNSIGNED NOT NULL,
  `tgl_penerimaan` date NOT NULL,
  `sub_total` int(11) NOT NULL,
  `potongan` int(11) NOT NULL,
  `grand_total` int(11) NOT NULL,
  `keterangan` text COLLATE utf8mb4_unicode_ci,
  `input_by` varchar(191) COLLATE utf8mb4_unicode_ci NOT NULL,
  `id_user` bigint(20) UNSIGNED NOT NULL,
  `id_supplier` bigint(20) UNSIGNED NOT NULL,
  `created_at` timestamp NULL DEFAULT NULL,
  `updated_at` timestamp NULL DEFAULT NULL
) ENGINE=InnoDB DEFAULT CHARSET=utf8mb4 COLLATE=utf8mb4_unicode_ci;

-- --------------------------------------------------------

--
-- Table structure for table `supplier`
--

CREATE TABLE `supplier` (
  `id` bigint(20) UNSIGNED NOT NULL,
  `kode_supplier` varchar(191) COLLATE utf8mb4_unicode_ci NOT NULL,
  `nama_supplier` varchar(191) COLLATE utf8mb4_unicode_ci NOT NULL,
  `alamat` varchar(191) COLLATE utf8mb4_unicode_ci NOT NULL,
  `kota` varchar(191) COLLATE utf8mb4_unicode_ci NOT NULL,
  `telp` varchar(191) COLLATE utf8mb4_unicode_ci NOT NULL,
  `npwp` varchar(191) COLLATE utf8mb4_unicode_ci NOT NULL
) ENGINE=InnoDB DEFAULT CHARSET=utf8mb4 COLLATE=utf8mb4_unicode_ci;

--
-- Dumping data for table `supplier`
--

INSERT INTO `supplier` (`id`, `kode_supplier`, `nama_supplier`, `alamat`, `kota`, `telp`, `npwp`) VALUES
(1, 'S0001', 'SINAR MAKMUR', 'Perum cintaraja permai', 'JAKARTA', '08133275643', '500627830423'),
(2, 'S0002', 'MEDION', 'BANDUNG', 'BANDUNG', '081323212', '454352134323');

-- --------------------------------------------------------

--
-- Table structure for table `uom`
--

CREATE TABLE `uom` (
  `id` bigint(20) UNSIGNED NOT NULL,
  `kd_uom` varchar(191) COLLATE utf8mb4_unicode_ci NOT NULL,
  `keterangan` varchar(191) COLLATE utf8mb4_unicode_ci DEFAULT NULL
) ENGINE=InnoDB DEFAULT CHARSET=utf8mb4 COLLATE=utf8mb4_unicode_ci;

--
-- Dumping data for table `uom`
--

INSERT INTO `uom` (`id`, `kd_uom`, `keterangan`) VALUES
(202, '1/2ON', NULL),
(203, '10/BJ', NULL),
(204, '250CC', NULL),
(205, '2LT', NULL),
(206, '3L', NULL),
(207, '5KG', NULL),
(208, '5LT', NULL),
(209, 'BH', NULL),
(210, 'BIJI', NULL),
(211, 'BKS', NULL),
(212, 'BLEK', NULL),
(213, 'BTG', NULL),
(214, 'BTL', NULL),
(215, 'DUS', NULL),
(216, 'ECER', NULL),
(217, 'GLN', NULL),
(218, 'JRG', NULL),
(219, 'KG', NULL),
(220, 'KLG', NULL),
(221, 'KRG', NULL),
(222, 'KTK', NULL),
(223, 'LBR', NULL),
(224, 'LTR', NULL),
(225, 'M', NULL),
(226, 'M2', NULL),
(227, 'M3', NULL),
(228, 'ONS', NULL),
(229, 'PAK', NULL),
(230, 'PAKET', NULL),
(231, 'PCS', NULL),
(232, 'PEL', NULL),
(233, 'PIL', NULL),
(234, 'PSG', NULL),
(235, 'ROL', NULL),
(236, 'SAZ', NULL),
(237, 'SET', NULL),
(238, 'TIN', NULL),
(239, 'TUBE', NULL),
(240, 'UNIT', NULL),
(241, 'ZAK', NULL);

-- --------------------------------------------------------

--
-- Table structure for table `users`
--

CREATE TABLE `users` (
  `id` bigint(20) UNSIGNED NOT NULL,
  `name` varchar(191) COLLATE utf8mb4_unicode_ci NOT NULL,
  `email` varchar(191) COLLATE utf8mb4_unicode_ci NOT NULL,
  `username` varchar(191) COLLATE utf8mb4_unicode_ci NOT NULL,
  `email_verified_at` timestamp NULL DEFAULT NULL,
  `password` varchar(191) COLLATE utf8mb4_unicode_ci NOT NULL,
  `remember_token` varchar(100) COLLATE utf8mb4_unicode_ci DEFAULT NULL,
  `created_at` timestamp NULL DEFAULT NULL,
  `updated_at` timestamp NULL DEFAULT NULL
) ENGINE=InnoDB DEFAULT CHARSET=utf8mb4 COLLATE=utf8mb4_unicode_ci;

--
-- Dumping data for table `users`
--

INSERT INTO `users` (`id`, `name`, `email`, `username`, `email_verified_at`, `password`, `remember_token`, `created_at`, `updated_at`) VALUES
(1, 'Administrator', 'admin@admin.com', 'admin', NULL, '$2y$10$P6ja8Hew3FPWXHMdBKYHF.6zLRnB2ibSdfpNe1rGWG0z9PiiW9Cjm', NULL, '2019-07-24 16:43:58', '2019-07-24 16:43:58');

--
-- Indexes for dumped tables
--

--
-- Indexes for table `barang`
--
ALTER TABLE `barang`
  ADD PRIMARY KEY (`id`),
  ADD UNIQUE KEY `barang_kode_barang_unique` (`kode_barang`),
  ADD KEY `barang_id_jenis_foreign` (`id_jenis`),
  ADD KEY `barang_id_uom_foreign` (`id_uom`);

--
-- Indexes for table `detail__penerimaan`
--
ALTER TABLE `detail__penerimaan`
  ADD PRIMARY KEY (`id`);

--
-- Indexes for table `jenis`
--
ALTER TABLE `jenis`
  ADD PRIMARY KEY (`id`);

--
-- Indexes for table `migrations`
--
ALTER TABLE `migrations`
  ADD PRIMARY KEY (`id`);

--
-- Indexes for table `password_resets`
--
ALTER TABLE `password_resets`
  ADD KEY `password_resets_email_index` (`email`);

--
-- Indexes for table `penerimaan`
--
ALTER TABLE `penerimaan`
  ADD PRIMARY KEY (`id`),
  ADD KEY `penerimaan_id_supplier_foreign` (`id_supplier`),
  ADD KEY `penerimaan_id_user_foreign` (`id_user`);

--
-- Indexes for table `supplier`
--
ALTER TABLE `supplier`
  ADD PRIMARY KEY (`id`),
  ADD UNIQUE KEY `supplier_kode_supplier_unique` (`kode_supplier`);

--
-- Indexes for table `uom`
--
ALTER TABLE `uom`
  ADD PRIMARY KEY (`id`);

--
-- Indexes for table `users`
--
ALTER TABLE `users`
  ADD PRIMARY KEY (`id`),
  ADD UNIQUE KEY `users_email_unique` (`email`),
  ADD UNIQUE KEY `users_username_unique` (`username`);

--
-- AUTO_INCREMENT for dumped tables
--

--
-- AUTO_INCREMENT for table `barang`
--
ALTER TABLE `barang`
  MODIFY `id` bigint(20) UNSIGNED NOT NULL AUTO_INCREMENT, AUTO_INCREMENT=969;

--
-- AUTO_INCREMENT for table `detail__penerimaan`
--
ALTER TABLE `detail__penerimaan`
  MODIFY `id` bigint(20) UNSIGNED NOT NULL AUTO_INCREMENT;

--
-- AUTO_INCREMENT for table `jenis`
--
ALTER TABLE `jenis`
  MODIFY `id` bigint(20) UNSIGNED NOT NULL AUTO_INCREMENT, AUTO_INCREMENT=50;

--
-- AUTO_INCREMENT for table `migrations`
--
ALTER TABLE `migrations`
  MODIFY `id` int(10) UNSIGNED NOT NULL AUTO_INCREMENT, AUTO_INCREMENT=11;

--
-- AUTO_INCREMENT for table `penerimaan`
--
ALTER TABLE `penerimaan`
  MODIFY `id` bigint(20) UNSIGNED NOT NULL AUTO_INCREMENT;

--
-- AUTO_INCREMENT for table `supplier`
--
ALTER TABLE `supplier`
  MODIFY `id` bigint(20) UNSIGNED NOT NULL AUTO_INCREMENT, AUTO_INCREMENT=3;

--
-- AUTO_INCREMENT for table `uom`
--
ALTER TABLE `uom`
  MODIFY `id` bigint(20) UNSIGNED NOT NULL AUTO_INCREMENT, AUTO_INCREMENT=242;

--
-- AUTO_INCREMENT for table `users`
--
ALTER TABLE `users`
  MODIFY `id` bigint(20) UNSIGNED NOT NULL AUTO_INCREMENT, AUTO_INCREMENT=2;

--
-- Constraints for dumped tables
--

--
-- Constraints for table `barang`
--
ALTER TABLE `barang`
  ADD CONSTRAINT `barang_id_jenis_foreign` FOREIGN KEY (`id_jenis`) REFERENCES `jenis` (`id`) ON DELETE CASCADE ON UPDATE CASCADE,
  ADD CONSTRAINT `barang_id_uom_foreign` FOREIGN KEY (`id_uom`) REFERENCES `uom` (`id`) ON DELETE CASCADE ON UPDATE CASCADE;

--
-- Constraints for table `penerimaan`
--
ALTER TABLE `penerimaan`
  ADD CONSTRAINT `penerimaan_id_supplier_foreign` FOREIGN KEY (`id_supplier`) REFERENCES `supplier` (`id`) ON DELETE CASCADE,
  ADD CONSTRAINT `penerimaan_id_user_foreign` FOREIGN KEY (`id_user`) REFERENCES `users` (`id`) ON DELETE CASCADE;
COMMIT;

/*!40101 SET CHARACTER_SET_CLIENT=@OLD_CHARACTER_SET_CLIENT */;
/*!40101 SET CHARACTER_SET_RESULTS=@OLD_CHARACTER_SET_RESULTS */;
/*!40101 SET COLLATION_CONNECTION=@OLD_COLLATION_CONNECTION */;
